Account;Account name;Campaign#Original;Campaign;Labels;Campaign Type;Networks;Budget;Budget type;EU political ads;Standard conversion goals;Customer acquisition;Languages;Bid Strategy Type;Bid Strategy Name;Enhanced CPC;Desktop Bid Modifier;Mobile Bid Modifier;Tablet Bid Modifier;TV Screen Bid Modifier;Start Date;End Date;Broad match keywords;Ad Schedule;Ad rotation;Content exclusions;Targeting method;Exclusion method;Audience targeting;Flexible Reach;AI Max;Text customization;Final URL expansion;Ad Group#Original;Ad Group;Max CPC;Max CPM;Target CPA;Max CPV;Target CPV;Percent CPC;Target CPM;Target ROAS;Target CPC;Display Network Custom Bid Type;Optimized targeting;Strict age and gender targeting;Search term matching;Ad Group Type;Channels;Audience name;Age demographic;Gender demographic;Income demographic;Parental status demographic;Remarketing audience segments;Interest categories;Life events;Custom audience segments;Detailed demographics;Remarketing audience exclusions;Tracking template;Final URL suffix;Custom parameters;ID#Original;ID;Location#Original;Location;Location type;Reach;Location groups#Original;Location groups;Radius#Original;Radius;Unit#Original;Unit;Bid Modifier;Criterion Type;Keyword#Original;Keyword;Criterion Type#Original;First page bid;Top of page bid;First position bid;Quality score;Landing page experience;Expected CTR;Ad relevance;Final URL;Final mobile URL;Ad type;Headline 1#Original;Headline 1;Headline 1 position;Headline 2#Original;Headline 2;Headline 2 position;Headline 3#Original;Headline 3;Headline 3 position;Headline 4;Headline 4 position;Headline 5;Headline 5 position;Headline 6;Headline 6 position;Headline 7;Headline 7 position;Headline 8;Headline 8 position;Headline 9;Headline 9 position;Headline 10;Headline 10 position;Headline 11;Headline 11 position;Headline 12;Headline 12 position;Headline 13;Headline 13 position;Headline 14;Headline 14 position;Headline 15;Headline 15 position;Description 1#Original;Description 1;Description 1 position;Description 2#Original;Description 2;Description 2 position;Description 3;Description 3 position;Description 4;Description 4 position;Path 1;Path 2;IP address#Original;IP address;Shared set name#Original;Shared set name;Shared set type;Keyword count;Link Text#Original;Link Text;Description Line 1#Original;Description Line 1;Description Line 2#Original;Description Line 2;Upgraded extension;Source;Link source;Final URL#Original;Header#Original;Header;Snippet Values#Original;Snippet Values;Callout text#Original;Callout text;Phone Number#Original;Phone Number;Country of Phone#Original;Country of Phone;Conversion Action;Campaign Status;Ad Group Status;Status;Approval Status;Ad strength;Comment
801-957-6699;Voorbeeldaccount Stan;BE Dak Eigen Merk Lokaal [Plaats];BE Dak Eigen Merk Lokaal [Plaats];"Dakdekker;Lokale campagnes;Uitbreiding 31-10-25";Search;Google search;200.00;Daily;Doesn't have EU political ads;Account-level;Bid equally;All;Manual CPC;;Disabled;0;0;0;;10-6-2026;[];Off;"(Monday[08:00-19:00]);(Tuesday[08:00-19:00]);(Wednesday[08:00-19:00]);(Thursday[08:00-19:00]);(Friday[08:00-19:00]);(Saturday[09:00-13:00])";Rotate indefinitely;[];Location of presence;Location of presence;Audience segments;[];Disabled;Disabled;Disabled;;;;;;;;;;;;;;;;;;;;;;;;;;;;;;;;;;;;;;;;;;;;;;;;;;;;;;;;;;;;;;;;;;;;;;;;;;;;;;;;;;;;;;;;;;;;;;;;;;;;;;;;;;;;;;;;;;;;;;;;;;;;;;;;;;;Paused;;;;;
801-957-6699;Voorbeeldaccount Stan;;BE Dak Eigen Merk Lokaal [Plaats];;;;;;;;;All;;;;;;;;;;;;Optimize;;;;Audience segments;"Audience segments;Genders;Ages;Parental status;Household incomes";;;;Dakwerken;Dakwerken;3.52;0.20;;;0.01;;0.01;;;None;Disabled;Disabled;Enabled;Standard;[];;;;;;;;;;;;;;;;;;;;;;;;;;;;;;;;;;;;;;;;;;;;;;;;;;;;;;;;;;;;;;;;;;;;;;;;;;;;;;;;;;;;;;;;;;;;;;;;;;;;;;;;;;;;;;;;;;Paused;Enabled;;;;
801-957-6699;Voorbeeldaccount Stan;;BE Dak Eigen Merk Lokaal [Plaats];;;;;;;;;;;;;;;;;;;;;;;;;;;;;;;Dakwerken;;;;;;;;;;;;;;;;;;;;;;;;;;;;;;;;;;;;;;;;;;;Exact;dakdekker;dakdekker;Exact;5.91;;;; -; -; -;[url]/?kw=[Plaats]&tel=[Nummer];;;;;;;;;;;;;;;;;;;;;;;;;;;;;;;;;;;;;;;;;;;;;;;;;;;;;;;;;;;;;;;;;;;;;;;;;;;Paused;Enabled;Enabled;Approved;;
801-957-6699;Voorbeeldaccount Stan;;BE Dak Eigen Merk Lokaal [Plaats];;;;;;;;;;;;;;;;;;;;;;;;;;;;;;;Dakwerken;;;;;;;;;;;;;;;;;;;;;;;;;;;;;;;;;;;;;;;;;;;Exact;dakwerken;dakwerken;Exact;6.54;;;; -; -; -;[url]/?kw=[Plaats]&tel=[Nummer];;;;;;;;;;;;;;;;;;;;;;;;;;;;;;;;;;;;;;;;;;;;;;;;;;;;;;;;;;;;;;;;;;;;;;;;;;;Paused;Enabled;Enabled;Approved;;
801-957-6699;Voorbeeldaccount Stan;;BE Dak Eigen Merk Lokaal [Plaats];;;;;;;;;;;;;;;;;;;;;;;;;;;;;;;Dakwerken;;;;;;;;;;;;;;;;;;;;;;;;;;;;;;;;;;;;;;;;;;;Exact;dakwerker;dakwerker;Exact;5.75;;;; -; -; -;[url]/?kw=[Plaats]&tel=[Nummer];;;;;;;;;;;;;;;;;;;;;;;;;;;;;;;;;;;;;;;;;;;;;;;;;;;;;;;;;;;;;;;;;;;;;;;;;;;Paused;Enabled;Enabled;Approved;;
801-957-6699;Voorbeeldaccount Stan;;BE Dak Eigen Merk Lokaal [Plaats];;;;;;;;;;;;;;;;;;;;;;;;;;;;;;;Dakwerken;;;;;;;;;;;;;;;;;;;;;;;;;;;;;;;;;;;;;;;;;;;Exact;dakdekkersbedrijf;dakdekkersbedrijf;Exact;5.39;;;; -; -; -;[url]/?kw=[Plaats]&tel=[Nummer];;;;;;;;;;;;;;;;;;;;;;;;;;;;;;;;;;;;;;;;;;;;;;;;;;;;;;;;;;;;;;;;;;;;;;;;;;;Paused;Enabled;Enabled;Approved;;
801-957-6699;Voorbeeldaccount Stan;;BE Dak Eigen Merk Lokaal [Plaats];;;;;;;;;;;;;;;;;;;;;;;;;;;;;;;Dakwerken;;;;;;;;;;;;;;;;;;;;;;;;;;;;;;;;;;;;;;;;;;;;;;;;;;;;;;[url]/?kw=[Plaats]&tel=[Nummer];;Responsive search ad;Dakwerken [Plaats];Dakwerken [Plaats]; -;[Klantnaam] Dakwerken;[Klantnaam] Dakwerken; -;Uw Dakwerker In [Plaats];Uw Dakwerker In [Plaats]; -;Uw Dak Laten Checken?; -;Voor Plat En Hellend Dak; -;Van Herstelling Tot Nieuw Dak; -;Daklekkage Snel Aangepakt; -;Roofing, EPDM En Dakpannen; -;Dakrenovatie Of Herstelling; -;[AantalJaren] Jaar Garantie Op Dakwerk; -;[ReviewHeadline]; -;24 Op 24 Persoonlijke Service; -;Heldere Afspraken, Netjes Werk; -;Offerte Op Maat Van Uw Dak; -;Eén Bedrijf Voor Al Uw Dakwerk; -;[Klantnaam] voert dakwerken uit van herstelling en lekkage tot renovatie.;[Klantnaam] voert dakwerken uit van herstelling en lekkage tot renovatie.; -;Voor roofing, EPDM, dakpannen en platte of hellende daken in [Plaats].;Voor roofing, EPDM, dakpannen en platte of hellende daken in [Plaats].; -;[AantalJaren] Jaar Garantie, [ReviewDescription] en 24 op 24 bereikbaar bij dringende dakproblemen.; -;Vraag een heldere offerte aan voor dakwerken zonder onverwachte kosten.; -;dakwerken;[Plaats];;;;;;;;;;;;;;;;;;;;;;;;;;;;Paused;Enabled;Enabled;Approved;Average;
801-957-6699;Voorbeeldaccount Stan;;BE Dak Eigen Merk Lokaal [Plaats];;;;;;;;;;;;;;;;;[];[];;[];;;;;;;;;;;Dakwerken;;;;;;;;;;;;;;;;;;;;;;;;;;;;;;;;;;;;;;;;;;;;;;;;;;;;;;[url]/?kw=[Plaats]&tel=[Nummer];;;;;;;;;;;;;;;;;;;;;;;;;;;;;;;;;;;;;;;;;;;;;;;;;;;;;;Roofing En EPDM;Roofing En EPDM;Herstelling en vernieuwing;Herstelling en vernieuwing;Voor een waterdicht plat dak;Voor een waterdicht plat dak;[];Advertiser;Advertiser;[url]/?kw=[Plaats]&tel=[Nummer];;;;;;;;;;;;Paused;Enabled;Enabled;Approved;;
801-957-6699;Voorbeeldaccount Stan;;BE Dak Eigen Merk Lokaal [Plaats];;;;;;;;;;;;;;;;;[];[];;[];;;;;;;;;;;Dakwerken;;;;;;;;;;;;;;;;;;;;;;;;;;;;;;;;;;;;;;;;;;;;;;;;;;;;;;[url]/?kw=[Plaats]&tel=[Nummer];;;;;;;;;;;;;;;;;;;;;;;;;;;;;;;;;;;;;;;;;;;;;;;;;;;;;;Vraag Uw Offerte;Vraag Uw Offerte;Eerst een eerlijke beoordeling;Eerst een eerlijke beoordeling;Daarna een duidelijke prijs;Daarna een duidelijke prijs;[];Advertiser;Advertiser;[url]/?kw=[Plaats]&tel=[Nummer];;;;;;;;;;;;Paused;Enabled;Enabled;Approved;;
801-957-6699;Voorbeeldaccount Stan;;BE Dak Eigen Merk Lokaal [Plaats];;;;;;;;;;;;;;;;;[];[];;[];;;;;;;;;;;Dakwerken;;;;;;;;;;;;;;;;;;;;;;;;;;;;;;;;;;;;;;;;;;;;;;;;;;;;;;[url]/?kw=[Plaats]&tel=[Nummer];;;;;;;;;;;;;;;;;;;;;;;;;;;;;;;;;;;;;;;;;;;;;;;;;;;;;;Dakwerken [Plaats];Dakwerken [Plaats];Voor plat en hellend dak;Voor plat en hellend dak;Van herstel tot vernieuwing;Van herstel tot vernieuwing;[];Advertiser;Advertiser;[url]/?kw=[Plaats]&tel=[Nummer];;;;;;;;;;;;Paused;Enabled;Enabled;Approved;;
801-957-6699;Voorbeeldaccount Stan;;BE Dak Eigen Merk Lokaal [Plaats];;;;;;;;;;;;;;;;;[];[];;[];;;;;;;;;;;Dakwerken;;;;;;;;;;;;;;;;;;;;;;;;;;;;;;;;;;;;;;;;;;;;;;;;;;;;;;[url]/?kw=[Plaats]&tel=[Nummer];;;;;;;;;;;;;;;;;;;;;;;;;;;;;;;;;;;;;;;;;;;;;;;;;;;;;;[AantalJaren] Jaar Garantie;[AantalJaren] Jaar Garantie;Zekerheid op uitgevoerd werk;Zekerheid op uitgevoerd werk;Ook nadien bereikbaar;Ook nadien bereikbaar;[];Advertiser;Advertiser;[url]/?kw=[Plaats]&tel=[Nummer];;;;;;;;;;;;Paused;Enabled;Enabled;Approved;;
801-957-6699;Voorbeeldaccount Stan;;BE Dak Eigen Merk Lokaal [Plaats];;;;;;;;;;;;;;;;;[];[];;[];;;;;;;;;;;Dakwerken;;;;;;;;;;;;;;;;;;;;;;;;;;;;;;;;;;;;;;;;;;;;;;;;;;;;;;[url]/?kw=[Plaats]&tel=[Nummer];;;;;;;;;;;;;;;;;;;;;;;;;;;;;;;;;;;;;;;;;;;;;;;;;;;;;;Daklekkage;Daklekkage;Vochtplek of actief daklek;Vochtplek of actief daklek;24 op 24 bereikbaar;24 op 24 bereikbaar;[];Advertiser;Advertiser;[url]/?kw=[Plaats]&tel=[Nummer];;;;;;;;;;;;Paused;Enabled;Enabled;Approved;;
801-957-6699;Voorbeeldaccount Stan;;BE Dak Eigen Merk Lokaal [Plaats];;;;;;;;;;;;;;;;;[];[];;[];;;;;;;;;;;Dakwerken;;;;;;;;;;;;;;;;;;;;;;;;;;;;;;;;;;;;;;;;;;;;;;;;;;;;;;[url]/?kw=[Plaats]&tel=[Nummer];;;;;;;;;;;;;;;;;;;;;;;;;;;;;;;;;;;;;;;;;;;;;;;;;;;;;;Dakpannen En Leien;Dakpannen En Leien;Herstellen of volledig vervangen;Herstellen of volledig vervangen;Voor hellende daken;Voor hellende daken;[];Advertiser;Advertiser;[url]/?kw=[Plaats]&tel=[Nummer];;;;;;;;;;;;Paused;Enabled;Enabled;Approved;;
801-957-6699;Voorbeeldaccount Stan;;BE Dak Eigen Merk Lokaal [Plaats];;;;;;;;;All;;;;;;;;;;;;Optimize;;;;Audience segments;"Audience segments;Genders;Ages;Parental status;Household incomes";;;;Dakherstellingen;Dakherstellingen;3.52;0.20;;;0.01;;0.01;;;None;Disabled;Disabled;Enabled;Standard;[];;;;;;;;;;;;;;;;;;;;;;;;;;;;;;;;;;;;;;;;;;;;;;;;;;;;;;;;;;;;;;;;;;;;;;;;;;;;;;;;;;;;;;;;;;;;;;;;;;;;;;;;;;;;;;;;;;Paused;Enabled;;;;
801-957-6699;Voorbeeldaccount Stan;;BE Dak Eigen Merk Lokaal [Plaats];;;;;;;;;;;;;;;;;;;;;;;;;;;;;;;Dakherstellingen;;;;;;;;;;;;;;;;;;;;;;;;;;;;;;;;;;;;;;;;;;;Phrase;dakherstellingen;dakherstellingen;Phrase;4.53;;;; -; -; -;[url]/dakherstellingen/?kw=[Plaats]&tel=[Nummer];;;;;;;;;;;;;;;;;;;;;;;;;;;;;;;;;;;;;;;;;;;;;;;;;;;;;;;;;;;;;;;;;;;;;;;;;;;Paused;Enabled;Enabled;Disapproved;;
801-957-6699;Voorbeeldaccount Stan;;BE Dak Eigen Merk Lokaal [Plaats];;;;;;;;;;;;;;;;;;;;;;;;;;;;;;;Dakherstellingen;;;;;;;;;;;;;;;;;;;;;;;;;;;;;;;;;;;;;;;;;;;Exact;dakherstellingen;dakherstellingen;Exact;4.53;;;; -; -; -;[url]/dakherstellingen/?kw=[Plaats]&tel=[Nummer];;;;;;;;;;;;;;;;;;;;;;;;;;;;;;;;;;;;;;;;;;;;;;;;;;;;;;;;;;;;;;;;;;;;;;;;;;;Paused;Enabled;Enabled;Disapproved;;
801-957-6699;Voorbeeldaccount Stan;;BE Dak Eigen Merk Lokaal [Plaats];;;;;;;;;;;;;;;;;;;;;;;;;;;;;;;Dakherstellingen;;;;;;;;;;;;;;;;;;;;;;;;;;;;;;;;;;;;;;;;;;;;;;;;;;;;;;[url]/dakherstellingen/?kw=[Plaats]&tel=[Nummer];;Responsive search ad;Dakherstelling [Plaats];Dakherstelling [Plaats]; -;[Klantnaam] Dakwerken;[Klantnaam] Dakwerken; -;Dak Laten Herstellen;Dak Laten Herstellen; -;Kleine Dakherstellingen; -;Dakbedekking Herstellen; -;Roofing En EPDM Herstellen; -;Losse Dakpannen Herstellen; -;Probleem Rond Schouw Of Goot; -;Voor Plat Dak En Pannendak; -;Geen Lapwerk Maar Goed Herstel; -;[AantalJaren] Jaar Garantie; -;[ReviewHeadline]; -;24 Op 24 Hulp Bij Dakschade; -;Duidelijke Kost Voor De Start; -;Laat Schade Niet Groter Worden; -;[Klantnaam] herstelt roofing, EPDM, dakpannen en lekkende aansluitingen.;[Klantnaam] herstelt roofing, EPDM, dakpannen en lekkende aansluitingen.; -;Voor dak herstellen, dakbedekking herstellen en kleine dakherstellingen.;Voor dak herstellen, dakbedekking herstellen en kleine dakherstellingen.; -;Geen snelle lapoplossing, maar degelijk herstel met duidelijke afspraken vooraf.; -;[AantalJaren] Jaar Garantie, [ReviewDescription] en 24 op 24 bereikbaar bij dringende dakschade.; -;dakherstel;;;;;;;;;;;;;;;;;;;;;;;;;;;;;Paused;Enabled;Enabled;Disapproved;Poor;
801-957-6699;Voorbeeldaccount Stan;;BE Dak Eigen Merk Lokaal [Plaats];;;;;;;;;;;;;;;;;[];[];;[];;;;;;;;;;;Dakherstellingen;;;;;;;;;;;;;;;;;;;;;;;;;;;;;;;;;;;;;;;;;;;;;;;;;;;;;;[url]/?kw=[Plaats]&tel=[Nummer];;;;;;;;;;;;;;;;;;;;;;;;;;;;;;;;;;;;;;;;;;;;;;;;;;;;;;24 Op 24 Bereikbaar;24 Op 24 Bereikbaar;Bij dringende dakproblemen;Bij dringende dakproblemen;Snelle beoordeling van schade;Snelle beoordeling van schade;[];Advertiser;Advertiser;[url]/?kw=[Plaats]&tel=[Nummer];;;;;;;;;;;;Paused;Enabled;Enabled;Approved;;
801-957-6699;Voorbeeldaccount Stan;;BE Dak Eigen Merk Lokaal [Plaats];;;;;;;;;;;;;;;;;[];[];;[];;;;;;;;;;;Dakherstellingen;;;;;;;;;;;;;;;;;;;;;;;;;;;;;;;;;;;;;;;;;;;;;;;;;;;;;;[url]/dakherstellingen/?kw=[Plaats]&tel=[Nummer];;;;;;;;;;;;;;;;;;;;;;;;;;;;;;;;;;;;;;;;;;;;;;;;;;;;;;Dak Herstellen;Dak Herstellen;Voor kleine en grote dakschade;Voor kleine en grote dakschade;Geen lapwerk maar goed herstel;Geen lapwerk maar goed herstel;[];Advertiser;Advertiser;[url]/dakherstellingen/?kw=[Plaats]&tel=[Nummer];;;;;;;;;;;;Paused;Enabled;Enabled;Disapproved;;
801-957-6699;Voorbeeldaccount Stan;;BE Dak Eigen Merk Lokaal [Plaats];;;;;;;;;;;;;;;;;[];[];;[];;;;;;;;;;;Dakherstellingen;;;;;;;;;;;;;;;;;;;;;;;;;;;;;;;;;;;;;;;;;;;;;;;;;;;;;;[url]/dakherstellingen/?kw=[Plaats]&tel=[Nummer];;;;;;;;;;;;;;;;;;;;;;;;;;;;;;;;;;;;;;;;;;;;;;;;;;;;;;Dakbedekking Herstellen;Dakbedekking Herstellen;Roofing, EPDM en dakpannen;Roofing, EPDM en dakpannen;Laat schade grondig aanpakken;Laat schade grondig aanpakken;[];Advertiser;Advertiser;[url]/dakherstellingen/?kw=[Plaats]&tel=[Nummer];;;;;;;;;;;;Paused;Enabled;Enabled;Disapproved;;
801-957-6699;Voorbeeldaccount Stan;;BE Dak Eigen Merk Lokaal [Plaats];;;;;;;;;;;;;;;;;[];[];;[];;;;;;;;;;;Dakherstellingen;;;;;;;;;;;;;;;;;;;;;;;;;;;;;;;;;;;;;;;;;;;;;;;;;;;;;;[url]/schouw-lood-en-aansluitingen/?kw=[Plaats]&tel=[Nummer];;;;;;;;;;;;;;;;;;;;;;;;;;;;;;;;;;;;;;;;;;;;;;;;;;;;;;Schouw En Aansluiting;Schouw En Aansluiting;Herstel rond lood en doorvoeren;Herstel rond lood en doorvoeren;Gericht aangepakt na controle;Gericht aangepakt na controle;[];Advertiser;Advertiser;[url]/schouw-lood-en-aansluitingen/?kw=[Plaats]&tel=[Nummer];;;;;;;;;;;;Paused;Enabled;Enabled;Approved;;
801-957-6699;Voorbeeldaccount Stan;;BE Dak Eigen Merk Lokaal [Plaats];;;;;;;;;;;;;;;;;[];[];;[];;;;;;;;;;;Dakherstellingen;;;;;;;;;;;;;;;;;;;;;;;;;;;;;;;;;;;;;;;;;;;;;;;;;;;;;;[url]/dakherstellingen/?kw=[Plaats]&tel=[Nummer];;;;;;;;;;;;;;;;;;;;;;;;;;;;;;;;;;;;;;;;;;;;;;;;;;;;;;Herstel Met Garantie;Herstel Met Garantie;[AantalJaren] jaar zekerheid op het werk;[AantalJaren] jaar zekerheid op het werk;Heldere offerte vóór de start;Heldere offerte vóór de start;[];Advertiser;Advertiser;[url]/dakherstellingen/?kw=[Plaats]&tel=[Nummer];;;;;;;;;;;;Paused;Enabled;Enabled;Disapproved;;
801-957-6699;Voorbeeldaccount Stan;;BE Dak Eigen Merk Lokaal [Plaats];;;;;;;;;;;;;;;;;[];[];;[];;;;;;;;;;;Dakherstellingen;;;;;;;;;;;;;;;;;;;;;;;;;;;;;;;;;;;;;;;;;;;;;;;;;;;;;;[url]/dakherstellingen/?kw=[Plaats]&tel=[Nummer];;;;;;;;;;;;;;;;;;;;;;;;;;;;;;;;;;;;;;;;;;;;;;;;;;;;;;Kleine Dakherstellingen;Kleine Dakherstellingen;Losse pannen en kleine lekken;Losse pannen en kleine lekken;Voorkom grotere vervolgschade;Voorkom grotere vervolgschade;[];Advertiser;Advertiser;[url]/dakherstellingen/?kw=[Plaats]&tel=[Nummer];;;;;;;;;;;;Paused;Enabled;Enabled;Disapproved;;
801-957-6699;Voorbeeldaccount Stan;;BE Dak Eigen Merk Lokaal [Plaats];;;;;;;;;All;;;;;;;;;;;;Optimize;;;;Audience segments;"Audience segments;Genders;Ages;Parental status;Household incomes";;;;Dakrenovatie;Dakrenovatie;3.52;0.01;;;0.01;;0.01;;;None;Disabled;Disabled;Enabled;Standard;[];;;;;;;;;;;;;;;;;;;;;;;;;;;;;;;;;;;;;;;;;;;;;;;;;;;;;;;;;;;;;;;;;;;;;;;;;;;;;;;;;;;;;;;;;;;;;;;;;;;;;;;;;;;;;;;;;;Paused;Enabled;;;;
801-957-6699;Voorbeeldaccount Stan;;BE Dak Eigen Merk Lokaal [Plaats];;;;;;;;;;;;;;;;;;;;;;;;;;;;;;;Dakrenovatie;;;;;;;;;;;;;;;;;;;;;;;;;;;;;;;;;;;;;;;;;;;Exact;dak renoveren;dak renoveren;Exact;7.06;;;; -; -; -;[url]/dakrenovatie/?kw=[Plaats]&tel=[Nummer];;;;;;;;;;;;;;;;;;;;;;;;;;;;;;;;;;;;;;;;;;;;;;;;;;;;;;;;;;;;;;;;;;;;;;;;;;;Paused;Enabled;Enabled;Disapproved;;
801-957-6699;Voorbeeldaccount Stan;;BE Dak Eigen Merk Lokaal [Plaats];;;;;;;;;;;;;;;;;;;;;;;;;;;;;;;Dakrenovatie;;;;;;;;;;;;;;;;;;;;;;;;;;;;;;;;;;;;;;;;;;;Exact;dakrenovatie;dakrenovatie;Exact;6.58;;;; -; -; -;[url]/dakrenovatie/?kw=[Plaats]&tel=[Nummer];;;;;;;;;;;;;;;;;;;;;;;;;;;;;;;;;;;;;;;;;;;;;;;;;;;;;;;;;;;;;;;;;;;;;;;;;;;Paused;Enabled;Enabled;Disapproved;;
801-957-6699;Voorbeeldaccount Stan;;BE Dak Eigen Merk Lokaal [Plaats];;;;;;;;;;;;;;;;;;;;;;;;;;;;;;;Dakrenovatie;;;;;;;;;;;;;;;;;;;;;;;;;;;;;;;;;;;;;;;;;;;Phrase;dak renoveren;dak renoveren;Phrase;7.06;;;; -; -; -;[url]/dakrenovatie/?kw=[Plaats]&tel=[Nummer];;;;;;;;;;;;;;;;;;;;;;;;;;;;;;;;;;;;;;;;;;;;;;;;;;;;;;;;;;;;;;;;;;;;;;;;;;;Paused;Enabled;Enabled;Disapproved;;
801-957-6699;Voorbeeldaccount Stan;;BE Dak Eigen Merk Lokaal [Plaats];;;;;;;;;;;;;;;;;;;;;;;;;;;;;;;Dakrenovatie;;;;;;;;;;;;;;;;;;;;;;;;;;;;;;;;;;;;;;;;;;;Phrase;dakrenovatie;dakrenovatie;Phrase;6.58;;;; -; -; -;[url]/dakrenovatie/?kw=[Plaats]&tel=[Nummer];;;;;;;;;;;;;;;;;;;;;;;;;;;;;;;;;;;;;;;;;;;;;;;;;;;;;;;;;;;;;;;;;;;;;;;;;;;Paused;Enabled;Enabled;Disapproved;;
801-957-6699;Voorbeeldaccount Stan;;BE Dak Eigen Merk Lokaal [Plaats];;;;;;;;;;;;;;;;;;;;;;;;;;;;;;;Dakrenovatie;;;;;;;;;;;;;;;;;;;;;;;;;;;;;;;;;;;;;;;;;;;;;;;;;;;;;;[url]/dakrenovatie/?kw=[Plaats]&tel=[Nummer];;Responsive search ad;Dakrenovatie [Plaats];Dakrenovatie [Plaats]; -;[Klantnaam] Dakwerken;[Klantnaam] Dakwerken; -;Uw Dak Klaar Voor De Toekomst;Uw Dak Klaar Voor De Toekomst; -;Dak Laten Vernieuwen; -;Dak Laten Vervangen; -;Dakbedekking Vervangen; -;Nieuw Dak Met Vaste Afspraken; -;Plat Dak Laten Renoveren; -;Hellend Dak Renoveren; -;Volledig Nieuw Dak; -;[AantalJaren] Jaar Garantie; -;[ReviewHeadline]; -;Eén Bedrijf, Eén Aanspreekpunt; -;Offerte Zonder Verrassingen; -;Ook Buiten Kantooruren; -;Laat [Klantnaam] uw dak vernieuwen met heldere afspraken en [AantalJaren] Jaar Garantie.;Laat [Klantnaam] uw dak vernieuwen met heldere afspraken en [AantalJaren] Jaar Garantie.; -;Voor dakrenovatie, dak vervangen en nieuwe dakbedekking in [Plaats].;Voor dakrenovatie, dak vervangen en nieuwe dakbedekking in [Plaats].; -;Plat of hellend dak renoveren? Ontvang eerlijk advies en een duidelijke offerte.; -;[ReviewHeadline] en 24 op 24 bereikbaar bij dringende dakproblemen.; -;dakrenovatie;[Plaats];;;;;;;;;;;;;;;;;;;;;;;;;;;;Paused;Enabled;Enabled;Disapproved;Excellent;
801-957-6699;Voorbeeldaccount Stan;;BE Dak Eigen Merk Lokaal [Plaats];;;;;;;;;;;;;;;;;[];[];;[];;;;;;;;;;;Dakrenovatie;;;;;;;;;;;;;;;;;;;;;;;;;;;;;;;;;;;;;;;;;;;;;;;;;;;;;;[url]/dakrenovatie/?kw=[Plaats]&tel=[Nummer];;;;;;;;;;;;;;;;;;;;;;;;;;;;;;;;;;;;;;;;;;;;;;;;;;;;;;Plat Dak Renoveren;Plat Dak Renoveren;Nieuwe roofing of EPDM;Nieuwe roofing of EPDM;Degelijk en waterdicht uitgevoerd;Degelijk en waterdicht uitgevoerd;[];Advertiser;Advertiser;[url]/dakrenovatie/?kw=[Plaats]&tel=[Nummer];;;;;;;;;;;;Paused;Enabled;Enabled;Disapproved;;
801-957-6699;Voorbeeldaccount Stan;;BE Dak Eigen Merk Lokaal [Plaats];;;;;;;;;;;;;;;;;[];[];;[];;;;;;;;;;;Dakrenovatie;;;;;;;;;;;;;;;;;;;;;;;;;;;;;;;;;;;;;;;;;;;;;;;;;;;;;;[url]/dakrenovatie/?kw=[Plaats]&tel=[Nummer];;;;;;;;;;;;;;;;;;;;;;;;;;;;;;;;;;;;;;;;;;;;;;;;;;;;;;Volledig Nieuw Dak;Volledig Nieuw Dak;Van controle tot dakrenovatie;Van controle tot dakrenovatie;Persoonlijk advies op maat;Persoonlijk advies op maat;[];Advertiser;Advertiser;[url]/dakrenovatie/?kw=[Plaats]&tel=[Nummer];;;;;;;;;;;;Paused;Enabled;Enabled;Disapproved;;
801-957-6699;Voorbeeldaccount Stan;;BE Dak Eigen Merk Lokaal [Plaats];;;;;;;;;;;;;;;;;[];[];;[];;;;;;;;;;;Dakrenovatie;;;;;;;;;;;;;;;;;;;;;;;;;;;;;;;;;;;;;;;;;;;;;;;;;;;;;;[url]/?kw=[Plaats]&tel=[Nummer];;;;;;;;;;;;;;;;;;;;;;;;;;;;;;;;;;;;;;;;;;;;;;;;;;;;;;[AantalJaren] jaar zekerheid;[AantalJaren] jaar zekerheid;Garantie op de uitvoering;Garantie op de uitvoering;Ook na oplevering bereikbaar;Ook na oplevering bereikbaar;[];Advertiser;Advertiser;[url]/?kw=[Plaats]&tel=[Nummer];;;;;;;;;;;;Paused;Enabled;Enabled;Approved;;
801-957-6699;Voorbeeldaccount Stan;;BE Dak Eigen Merk Lokaal [Plaats];;;;;;;;;;;;;;;;;[];[];;[];;;;;;;;;;;Dakrenovatie;;;;;;;;;;;;;;;;;;;;;;;;;;;;;;;;;;;;;;;;;;;;;;;;;;;;;;[url]/dakrenovatie/?kw=[Plaats]&tel=[Nummer];;;;;;;;;;;;;;;;;;;;;;;;;;;;;;;;;;;;;;;;;;;;;;;;;;;;;;Dak Laten Vernieuwen;Dak Laten Vernieuwen;Voor een volledig vernieuwd dak;Voor een volledig vernieuwd dak;Met vaste afspraken vooraf;Met vaste afspraken vooraf;[];Advertiser;Advertiser;[url]/dakrenovatie/?kw=[Plaats]&tel=[Nummer];;;;;;;;;;;;Paused;Enabled;Enabled;Disapproved;;
801-957-6699;Voorbeeldaccount Stan;;BE Dak Eigen Merk Lokaal [Plaats];;;;;;;;;;;;;;;;;[];[];;[];;;;;;;;;;;Dakrenovatie;;;;;;;;;;;;;;;;;;;;;;;;;;;;;;;;;;;;;;;;;;;;;;;;;;;;;;[url]/dakrenovatie/?kw=[Plaats]&tel=[Nummer];;;;;;;;;;;;;;;;;;;;;;;;;;;;;;;;;;;;;;;;;;;;;;;;;;;;;;Hellend Dak Renoveren;Hellend Dak Renoveren;Dakpannen, leien en onderdak;Dakpannen, leien en onderdak;Eén bedrijf voor alle werken;Eén bedrijf voor alle werken;[];Advertiser;Advertiser;[url]/dakrenovatie/?kw=[Plaats]&tel=[Nummer];;;;;;;;;;;;Paused;Enabled;Enabled;Disapproved;;
801-957-6699;Voorbeeldaccount Stan;;BE Dak Eigen Merk Lokaal [Plaats];;;;;;;;;;;;;;;;;[];[];;[];;;;;;;;;;;Dakrenovatie;;;;;;;;;;;;;;;;;;;;;;;;;;;;;;;;;;;;;;;;;;;;;;;;;;;;;;[url]/dakrenovatie/?kw=[Plaats]&tel=[Nummer];;;;;;;;;;;;;;;;;;;;;;;;;;;;;;;;;;;;;;;;;;;;;;;;;;;;;;Dakbedekking Vervangen;Dakbedekking Vervangen;Versleten dakbedekking vernieuwen;Versleten dakbedekking vernieuwen;Vraag een heldere offerte;Vraag een heldere offerte;[];Advertiser;Advertiser;[url]/dakrenovatie/?kw=[Plaats]&tel=[Nummer];;;;;;;;;;;;Paused;Enabled;Enabled;Disapproved;;
801-957-6699;Voorbeeldaccount Stan;;BE Dak Eigen Merk Lokaal [Plaats];;;;;;;;;All;;;;;;;;;;;;Optimize;;;;Audience segments;"Audience segments;Genders;Ages;Parental status;Household incomes";;;;Dakisolatie;Dakisolatie;3.02;0.20;;;0.01;;0.01;;;None;Disabled;Disabled;Enabled;Standard;[];;;;;;;;;;;;;;;;;;;;;;;;;;;;;;;;;;;;;;;;;;;;;;;;;;;;;;;;;;;;;;;;;;;;;;;;;;;;;;;;;;;;;;;;;;;;;;;;;;;;;;;;;;;;;;;;;;Paused;Enabled;;;;
801-957-6699;Voorbeeldaccount Stan;;BE Dak Eigen Merk Lokaal [Plaats];;;;;;;;;;;;;;;;;;;;;;;;;;;;;;;Dakisolatie;;;;;;;;;;;;;;;;;;;;;;;;;;;;;;;;;;;;;;;;;;;Exact;isolatie dak;isolatie dak;Exact;5.18;;;; -; -; -;[url]/dakisolatie/?kw=[Plaats]&tel=[Nummer];;;;;;;;;;;;;;;;;;;;;;;;;;;;;;;;;;;;;;;;;;;;;;;;;;;;;;;;;;;;;;;;;;;;;;;;;;;Paused;Enabled;Enabled;Approved;;
801-957-6699;Voorbeeldaccount Stan;;BE Dak Eigen Merk Lokaal [Plaats];;;;;;;;;;;;;;;;;;;;;;;;;;;;;;;Dakisolatie;;;;;;;;;;;;;;;;;;;;;;;;;;;;;;;;;;;;;;;;;;;Phrase;Dakisolatie;Dakisolatie;Phrase;5.06;;;; -; -; -;[url]/dakisolatie/?kw=[Plaats]&tel=[Nummer];;;;;;;;;;;;;;;;;;;;;;;;;;;;;;;;;;;;;;;;;;;;;;;;;;;;;;;;;;;;;;;;;;;;;;;;;;;Paused;Enabled;Enabled;Approved;;
801-957-6699;Voorbeeldaccount Stan;;BE Dak Eigen Merk Lokaal [Plaats];;;;;;;;;;;;;;;;;;;;;;;;;;;;;;;Dakisolatie;;;;;;;;;;;;;;;;;;;;;;;;;;;;;;;;;;;;;;;;;;;Phrase;isolatie dak;isolatie dak;Phrase;5.18;;;; -; -; -;[url]/dakisolatie/?kw=[Plaats]&tel=[Nummer];;;;;;;;;;;;;;;;;;;;;;;;;;;;;;;;;;;;;;;;;;;;;;;;;;;;;;;;;;;;;;;;;;;;;;;;;;;Paused;Enabled;Enabled;Approved;;
801-957-6699;Voorbeeldaccount Stan;;BE Dak Eigen Merk Lokaal [Plaats];;;;;;;;;;;;;;;;;;;;;;;;;;;;;;;Dakisolatie;;;;;;;;;;;;;;;;;;;;;;;;;;;;;;;;;;;;;;;;;;;Exact;Dakisolatie;Dakisolatie;Exact;5.06;;;; -; -; -;[url]/dakisolatie/?kw=[Plaats]&tel=[Nummer];;;;;;;;;;;;;;;;;;;;;;;;;;;;;;;;;;;;;;;;;;;;;;;;;;;;;;;;;;;;;;;;;;;;;;;;;;;Paused;Enabled;Enabled;Approved;;
801-957-6699;Voorbeeldaccount Stan;;BE Dak Eigen Merk Lokaal [Plaats];;;;;;;;;;;;;;;;;;;;;;;;;;;;;;;Dakisolatie;;;;;;;;;;;;;;;;;;;;;;;;;;;;;;;;;;;;;;;;;;;;;;;;;;;;;;[url]/dakisolatie/?kw=[Plaats]&tel=[Nummer];;Responsive search ad;Dakisolatie [Plaats];Dakisolatie [Plaats]; -;[Klantnaam] Dakwerken;[Klantnaam] Dakwerken; -;Uw Dak Laten Isoleren;Uw Dak Laten Isoleren; -;Isolatie Voor Platte Daken; -;Isolatie Voor Hellende Daken; -;Schuin Dak Laten Isoleren; -;Dakisolatie Laten Plaatsen; -;Minder Warmteverlies Via Dak; -;Isolatie Met Dakrenovatie; -;Isolatie Op Maat Van Uw Woning; -;[AantalJaren] Jaar Garantie; -;[ReviewHeadline]; -;Rechtstreeks Met [Klantnaam]; -;Heldere Offerte Vooraf; -;24 Op 24 Bereikbaar; -;Laat [Klantnaam] uw dak isoleren en beperk warmteverlies via plat of hellend dak.;Laat [Klantnaam] uw dak isoleren en beperk warmteverlies via plat of hellend dak.; -;Voor dakisolatie, plat dak isoleren en hellend dak isoleren in [Plaats].;Voor dakisolatie, plat dak isoleren en hellend dak isoleren in [Plaats].; -;U ontvangt praktisch advies, een heldere offerte en [AantalJaren] Jaar Garantie.; -;[ReviewHeadline] en 24 op 24 bereikbaar voor persoonlijk advies.; -;dak-isoleren;isolatie;;;;;;;;;;;;;;;;;;;;;;;;;;;;Paused;Enabled;Enabled;Approved;Poor;
801-957-6699;Voorbeeldaccount Stan;;BE Dak Eigen Merk Lokaal [Plaats];;;;;;;;;;;;;;;;;[];[];;[];;;;;;;;;;;Dakisolatie;;;;;;;;;;;;;;;;;;;;;;;;;;;;;;;;;;;;;;;;;;;;;;;;;;;;;;[url]/dakisolatie/?kw=[Plaats]&tel=[Nummer];;;;;;;;;;;;;;;;;;;;;;;;;;;;;;;;;;;;;;;;;;;;;;;;;;;;;;Dakisolatie Plaatsen;Dakisolatie Plaatsen;Voor plat en hellend dak;Voor plat en hellend dak;Minder warmteverlies via dak;Minder warmteverlies via dak;[];Advertiser;Advertiser;[url]/dakisolatie/?kw=[Plaats]&tel=[Nummer];;;;;;;;;;;;Paused;Enabled;Enabled;Approved;;
801-957-6699;Voorbeeldaccount Stan;;BE Dak Eigen Merk Lokaal [Plaats];;;;;;;;;;;;;;;;;[];[];;[];;;;;;;;;;;Dakisolatie;;;;;;;;;;;;;;;;;;;;;;;;;;;;;;;;;;;;;;;;;;;;;;;;;;;;;;[url]/dakisolatie/?kw=[Plaats]&tel=[Nummer];;;;;;;;;;;;;;;;;;;;;;;;;;;;;;;;;;;;;;;;;;;;;;;;;;;;;;Offerte Voor Isolatie;Offerte Voor Isolatie;Heldere kost en werkwijze;Heldere kost en werkwijze;Vrijblijvend aangevraagd;Vrijblijvend aangevraagd;[];Advertiser;Advertiser;[url]/dakisolatie/?kw=[Plaats]&tel=[Nummer];;;;;;;;;;;;Paused;Enabled;Enabled;Approved;;
801-957-6699;Voorbeeldaccount Stan;;BE Dak Eigen Merk Lokaal [Plaats];;;;;;;;;;;;;;;;;[];[];;[];;;;;;;;;;;Dakisolatie;;;;;;;;;;;;;;;;;;;;;;;;;;;;;;;;;;;;;;;;;;;;;;;;;;;;;;[url]/dakisolatie/?kw=[Plaats]&tel=[Nummer];;;;;;;;;;;;;;;;;;;;;;;;;;;;;;;;;;;;;;;;;;;;;;;;;;;;;;Plat Dak Isoleren;Plat Dak Isoleren;Isoleren met EPDM of roofing;Isoleren met EPDM of roofing;Advies volgens uw dakopbouw;Advies volgens uw dakopbouw;[];Advertiser;Advertiser;[url]/dakisolatie/?kw=[Plaats]&tel=[Nummer];;;;;;;;;;;;Paused;Enabled;Enabled;Approved;;
801-957-6699;Voorbeeldaccount Stan;;BE Dak Eigen Merk Lokaal [Plaats];;;;;;;;;;;;;;;;;[];[];;[];;;;;;;;;;;Dakisolatie;;;;;;;;;;;;;;;;;;;;;;;;;;;;;;;;;;;;;;;;;;;;;;;;;;;;;;[url]/dakisolatie/?kw=[Plaats]&tel=[Nummer];;;;;;;;;;;;;;;;;;;;;;;;;;;;;;;;;;;;;;;;;;;;;;;;;;;;;;Isolatie En Renovatie;Isolatie En Renovatie;Twee werken slim combineren;Twee werken slim combineren;Eén planning en één offerte;Eén planning en één offerte;[];Advertiser;Advertiser;[url]/dakisolatie/?kw=[Plaats]&tel=[Nummer];;;;;;;;;;;;Paused;Enabled;Enabled;Approved;;
801-957-6699;Voorbeeldaccount Stan;;BE Dak Eigen Merk Lokaal [Plaats];;;;;;;;;;;;;;;;;[];[];;[];;;;;;;;;;;Dakisolatie;;;;;;;;;;;;;;;;;;;;;;;;;;;;;;;;;;;;;;;;;;;;;;;;;;;;;;[url]/?kw=[Plaats]&tel=[Nummer];;;;;;;;;;;;;;;;;;;;;;;;;;;;;;;;;;;;;;;;;;;;;;;;;;;;;;[AantalJaren] Jaar Garantie;[AantalJaren] Jaar Garantie;Zekerheid op uitgevoerd werk;Zekerheid op uitgevoerd werk;Duidelijke afspraken vooraf;Duidelijke afspraken vooraf;[];Advertiser;Advertiser;[url]/?kw=[Plaats]&tel=[Nummer];;;;;;;;;;;;Paused;Enabled;Enabled;Approved;;
801-957-6699;Voorbeeldaccount Stan;;BE Dak Eigen Merk Lokaal [Plaats];;;;;;;;;;;;;;;;;[];[];;[];;;;;;;;;;;Dakisolatie;;;;;;;;;;;;;;;;;;;;;;;;;;;;;;;;;;;;;;;;;;;;;;;;;;;;;;[url]/dakisolatie/?kw=[Plaats]&tel=[Nummer];;;;;;;;;;;;;;;;;;;;;;;;;;;;;;;;;;;;;;;;;;;;;;;;;;;;;;Hellend Dak Isoleren;Hellend Dak Isoleren;Isolatie onder of boven het dak;Isolatie onder of boven het dak;Bespreek de beste oplossing;Bespreek de beste oplossing;[];Advertiser;Advertiser;[url]/dakisolatie/?kw=[Plaats]&tel=[Nummer];;;;;;;;;;;;Paused;Enabled;Enabled;Approved;;
801-957-6699;Voorbeeldaccount Stan;;BE Dak Eigen Merk Lokaal [Plaats];;;;;;;;;All;;;;;;;;;;;;Optimize;;;;Audience segments;"Audience segments;Genders;Ages;Parental status;Household incomes";;;;Daklekkage;Daklekkage;3.52;0.20;;;0.01;;0.01;;;None;Disabled;Disabled;Enabled;Standard;[];;;;;;;;;;;;;;;;;;;;;;;;;;;;;;;;;;;;;;;;;;;;;;;;;;;;;;;;;;;;;;;;;;;;;;;;;;;;;;;;;;;;;;;;;;;;;;;;;;;;;;;;;;;;;;;;;;Paused;Enabled;;;;
801-957-6699;Voorbeeldaccount Stan;;BE Dak Eigen Merk Lokaal [Plaats];;;;;;;;;;;;;;;;;;;;;;;;;;;;;;;Daklekkage;;;;;;;;;;;;;;;;;;;;;;;;;;;;;;;;;;;;;;;;;;;Phrase;daklekkage;daklekkage;Phrase;7.48;;;; -; -; -;[url]/daklekkage/?kw=[Plaats]&tel=[Nummer];;;;;;;;;;;;;;;;;;;;;;;;;;;;;;;;;;;;;;;;;;;;;;;;;;;;;;;;;;;;;;;;;;;;;;;;;;;Paused;Enabled;Enabled;Approved;;
801-957-6699;Voorbeeldaccount Stan;;BE Dak Eigen Merk Lokaal [Plaats];;;;;;;;;;;;;;;;;;;;;;;;;;;;;;;Daklekkage;;;;;;;;;;;;;;;;;;;;;;;;;;;;;;;;;;;;;;;;;;;Exact;plat dak lekt;plat dak lekt;Exact;6.87;;;; -; -; -;[url]/daklekkage/?kw=[Plaats]&tel=[Nummer];;;;;;;;;;;;;;;;;;;;;;;;;;;;;;;;;;;;;;;;;;;;;;;;;;;;;;;;;;;;;;;;;;;;;;;;;;;Paused;Enabled;Enabled;Approved;;
801-957-6699;Voorbeeldaccount Stan;;BE Dak Eigen Merk Lokaal [Plaats];;;;;;;;;;;;;;;;;;;;;;;;;;;;;;;Daklekkage;;;;;;;;;;;;;;;;;;;;;;;;;;;;;;;;;;;;;;;;;;;Phrase;plat dak lekt;plat dak lekt;Phrase;6.87;;;; -; -; -;[url]/daklekkage/?kw=[Plaats]&tel=[Nummer];;;;;;;;;;;;;;;;;;;;;;;;;;;;;;;;;;;;;;;;;;;;;;;;;;;;;;;;;;;;;;;;;;;;;;;;;;;Paused;Enabled;Enabled;Approved;;
801-957-6699;Voorbeeldaccount Stan;;BE Dak Eigen Merk Lokaal [Plaats];;;;;;;;;;;;;;;;;;;;;;;;;;;;;;;Daklekkage;;;;;;;;;;;;;;;;;;;;;;;;;;;;;;;;;;;;;;;;;;;Phrase;daklekkage herstellen;daklekkage herstellen;Phrase;5.24;;;; -; -; -;[url]/daklekkage/?kw=[Plaats]&tel=[Nummer];;;;;;;;;;;;;;;;;;;;;;;;;;;;;;;;;;;;;;;;;;;;;;;;;;;;;;;;;;;;;;;;;;;;;;;;;;;Paused;Enabled;Enabled;Approved;;
801-957-6699;Voorbeeldaccount Stan;;BE Dak Eigen Merk Lokaal [Plaats];;;;;;;;;;;;;;;;;;;;;;;;;;;;;;;Daklekkage;;;;;;;;;;;;;;;;;;;;;;;;;;;;;;;;;;;;;;;;;;;Exact;lekkend dak;lekkend dak;Exact;6.18;;;; -; -; -;[url]/daklekkage/?kw=[Plaats]&tel=[Nummer];;;;;;;;;;;;;;;;;;;;;;;;;;;;;;;;;;;;;;;;;;;;;;;;;;;;;;;;;;;;;;;;;;;;;;;;;;;Paused;Enabled;Enabled;Approved;;
801-957-6699;Voorbeeldaccount Stan;;BE Dak Eigen Merk Lokaal [Plaats];;;;;;;;;;;;;;;;;;;;;;;;;;;;;;;Daklekkage;;;;;;;;;;;;;;;;;;;;;;;;;;;;;;;;;;;;;;;;;;;Phrase;lekkend dak;lekkend dak;Phrase;6.18;;;; -; -; -;[url]/daklekkage/?kw=[Plaats]&tel=[Nummer];;;;;;;;;;;;;;;;;;;;;;;;;;;;;;;;;;;;;;;;;;;;;;;;;;;;;;;;;;;;;;;;;;;;;;;;;;;Paused;Enabled;Enabled;Approved;;
801-957-6699;Voorbeeldaccount Stan;;BE Dak Eigen Merk Lokaal [Plaats];;;;;;;;;;;;;;;;;;;;;;;;;;;;;;;Daklekkage;;;;;;;;;;;;;;;;;;;;;;;;;;;;;;;;;;;;;;;;;;;Exact;daklekkage herstellen;daklekkage herstellen;Exact;5.24;;;; -; -; -;[url]/daklekkage/?kw=[Plaats]&tel=[Nummer];;;;;;;;;;;;;;;;;;;;;;;;;;;;;;;;;;;;;;;;;;;;;;;;;;;;;;;;;;;;;;;;;;;;;;;;;;;Paused;Enabled;Enabled;Approved;;
801-957-6699;Voorbeeldaccount Stan;;BE Dak Eigen Merk Lokaal [Plaats];;;;;;;;;;;;;;;;;;;;;;;;;;;;;;;Daklekkage;;;;;;;;;;;;;;;;;;;;;;;;;;;;;;;;;;;;;;;;;;;Exact;daklekkage;daklekkage;Exact;7.48;;;; -; -; -;[url]/daklekkage/?kw=[Plaats]&tel=[Nummer];;;;;;;;;;;;;;;;;;;;;;;;;;;;;;;;;;;;;;;;;;;;;;;;;;;;;;;;;;;;;;;;;;;;;;;;;;;Paused;Enabled;Enabled;Approved;;
801-957-6699;Voorbeeldaccount Stan;;BE Dak Eigen Merk Lokaal [Plaats];;;;;;;;;;;;;;;;;;;;;;;;;;;;;;;Daklekkage;;;;;;;;;;;;;;;;;;;;;;;;;;;;;;;;;;;;;;;;;;;;;;;;;;;;;;[url]/daklekkage/?kw=[Plaats]&tel=[Nummer];;Responsive search ad;Lekkend Dak In [Plaats]?;Lekkend Dak In [Plaats]?; -;[Klantnaam] Dakwerken;[Klantnaam] Dakwerken; -;Daklekkage Rap Hersteld;Daklekkage Rap Hersteld; -;Dak Lekt? Hulp Binnen 24 Uur; -;Lekkage In Uw Platte Dak?; -;Lekkage Rond Uw Dakvenster?; -;Lekt Uw Dak Na Regen?; -;Lekkage Na Een Storm?; -;Druppelt Uw Dak? Bel Direct; -;Expert Schuine En Platte Daken; -;Last Van Vochtplekken Plafond?; -;Gratis Inspectie Door [Klantnaam]; -;Altijd Vrijblijvende Offerte; -;Bel Direct [Klantnaam]; -;Rap Ter Plaatse In [Plaats]; -;Daklekkage of vochtproblemen? [Klantnaam] Dakwerken controleert en herstelt uw dak snel.;Daklekkage of vochtproblemen? [Klantnaam] Dakwerken controleert en herstelt uw dak snel.; -;Kies voor vakkundige dakwerken in [Plaats], met [AantalJaren] Jaar Garantie op uitgevoerde werken.;Kies voor vakkundige dakwerken in [Plaats], met [AantalJaren] Jaar Garantie op uitgevoerde werken.; -;Gratis plaatsbezoek, eerlijk advies en een vrijblijvende offerte van [Klantnaam] Dakwerken.; -;Schade door storm of waterinsijpeling? Vertrouw op een dakwerker [ReviewHeadline].; -;lekkend-dak;[Plaats];;;;;;;;;;;;;;;;;;;;;;;;;;;;Paused;Enabled;Enabled;Approved;Poor;
801-957-6699;Voorbeeldaccount Stan;;BE Dak Eigen Merk Lokaal [Plaats];;;;;;;;;;;;;;;;;[];[];;[];;;;;;;;;;;Daklekkage;;;;;;;;;;;;;;;;;;;;;;;;;;;;;;;;;;;;;;;;;;;;;;;;;;;;;;[url]/daklekkage/?kw=[Plaats]&tel=[Nummer];;;;;;;;;;;;;;;;;;;;;;;;;;;;;;;;;;;;;;;;;;;;;;;;;;;;;;Lekkend Dak;Lekkend Dak;Druppend plafond of vochtplekken?;Druppend plafond of vochtplekken?;Wij komen gratis inspecteren;Wij komen gratis inspecteren;[];Advertiser;Advertiser;[url]/daklekkage/?kw=[Plaats]&tel=[Nummer];;;;;;;;;;;;Paused;Enabled;Enabled;Approved;;
801-957-6699;Voorbeeldaccount Stan;;BE Dak Eigen Merk Lokaal [Plaats];;;;;;;;;;;;;;;;;[];[];;[];;;;;;;;;;;Daklekkage;;;;;;;;;;;;;;;;;;;;;;;;;;;;;;;;;;;;;;;;;;;;;;;;;;;;;;[url]/stormschade/?kw=[Plaats]&tel=[Nummer];;;;;;;;;;;;;;;;;;;;;;;;;;;;;;;;;;;;;;;;;;;;;;;;;;;;;;Dakschade na storm;Dakschade na storm;Lekkend dak na storm?;Lekkend dak na storm?;Wij helpen vaak binnen 24 uur;Wij helpen vaak binnen 24 uur;[];Advertiser;Advertiser;[url]/stormschade/?kw=[Plaats]&tel=[Nummer];;;;;;;;;;;;Paused;Enabled;Enabled;Approved;;
801-957-6699;Voorbeeldaccount Stan;;BE Dak Eigen Merk Lokaal [Plaats];;;;;;;;;;;;;;;;;[];[];;[];;;;;;;;;;;Daklekkage;;;;;;;;;;;;;;;;;;;;;;;;;;;;;;;;;;;;;;;;;;;;;;;;;;;;;;[url]/daklekkage/?kw=[Plaats]&tel=[Nummer];;;;;;;;;;;;;;;;;;;;;;;;;;;;;;;;;;;;;;;;;;;;;;;;;;;;;;Leien Dak Lekt;Leien Dak Lekt;Lekt Uw Leien Dak?;Lekt Uw Leien Dak?;Wij herstellen uw leien dak;Wij herstellen uw leien dak;[];Advertiser;Advertiser;[url]/daklekkage/?kw=[Plaats]&tel=[Nummer];;;;;;;;;;;;Paused;Enabled;Enabled;Approved;;
801-957-6699;Voorbeeldaccount Stan;;BE Dak Eigen Merk Lokaal [Plaats];;;;;;;;;;;;;;;;;[];[];;[];;;;;;;;;;;Daklekkage;;;;;;;;;;;;;;;;;;;;;;;;;;;;;;;;;;;;;;;;;;;;;;;;;;;;;;[url]/daklekkage/?kw=[Plaats]&tel=[Nummer];;;;;;;;;;;;;;;;;;;;;;;;;;;;;;;;;;;;;;;;;;;;;;;;;;;;;;Lek Pannendak;Lek Pannendak;Pannen los of kapot?;Pannen los of kapot?;Laat uw pannendak controleren;Laat uw pannendak controleren;[];Advertiser;Advertiser;[url]/daklekkage/?kw=[Plaats]&tel=[Nummer];;;;;;;;;;;;Paused;Enabled;Enabled;Approved;;
801-957-6699;Voorbeeldaccount Stan;;BE Dak Eigen Merk Lokaal [Plaats];;;;;;;;;;;;;;;;;[];[];;[];;;;;;;;;;;Daklekkage;;;;;;;;;;;;;;;;;;;;;;;;;;;;;;;;;;;;;;;;;;;;;;;;;;;;;;[url]/daklekkage/?kw=[Plaats]&tel=[Nummer];;;;;;;;;;;;;;;;;;;;;;;;;;;;;;;;;;;;;;;;;;;;;;;;;;;;;;Plat Dak Lekt;Plat Dak Lekt;Lekkage in uw platte dak?;Lekkage in uw platte dak?;Wij herstellen binnen 24 uur;Wij herstellen binnen 24 uur;[];Advertiser;Advertiser;[url]/daklekkage/?kw=[Plaats]&tel=[Nummer];;;;;;;;;;;;Paused;Enabled;Enabled;Approved;;
801-957-6699;Voorbeeldaccount Stan;;BE Dak Eigen Merk Lokaal [Plaats];;;;;;;;;;;;;;;;;[];[];;[];;;;;;;;;;;Daklekkage;;;;;;;;;;;;;;;;;;;;;;;;;;;;;;;;;;;;;;;;;;;;;;;;;;;;;;[url]/daklekkage/?kw=[Plaats]&tel=[Nummer];;;;;;;;;;;;;;;;;;;;;;;;;;;;;;;;;;;;;;;;;;;;;;;;;;;;;;Roofing Of EPDM Lekt;Roofing Of EPDM Lekt;EPDM of Roofing Lek?;EPDM of Roofing Lek?;Wij herstellen uw dakbedekking;Wij herstellen uw dakbedekking;[];Advertiser;Advertiser;[url]/daklekkage/?kw=[Plaats]&tel=[Nummer];;;;;;;;;;;;Paused;Enabled;Enabled;Approved;;
801-957-6699;Voorbeeldaccount Stan;;BE Dak Eigen Merk Lokaal [Plaats];;;;;;;;;;;;;;;;;;;;;;;;;;;;;;;;;;;;;;;;;;;;;;;;;;;;;;;;;;;;;1001021;1001021;[Plaats], Vlaanderen, België;[Plaats], Vlaanderen, België;City;2780000;[];;;;;;;;;;;;;;;;;;;;;;;;;;;;;;;;;;;;;;;;;;;;;;;;;;;;;;;;;;;;;;;;;;;;;;;;;;;;;;;;;;;;;;;;;;;;;Paused;;Enabled;;;
801-957-6699;Voorbeeldaccount Stan;;BE Dak Eigen Merk Lokaal [Plaats];;;;;;;;;;;;;;;;;;;;;;;;;;;;;;;;;;;;;;;;;;;;;;;;;;;;;;;;;;;;;1001145;1001145;Vilvoorde, Vlaanderen, België;Vilvoorde, Vlaanderen, België;City;120000;;;;;;;;Campaign Negative;;;;;;;;;;;;;;;;;;;;;;;;;;;;;;;;;;;;;;;;;;;;;;;;;;;;;;;;;;;;;;;;;;;;;;;;;;;;;;;;;;;;;;Paused;;Enabled;;;
801-957-6699;Voorbeeldaccount Stan;;BE Dak Eigen Merk Lokaal [Plaats];;;;;;;;;;;;;;;;;;;;;;;;;;;;;;;;;;;;;;;;;;;;;;;;;;;;;;;;;;;;;1001238;1001238;Ronse, Vlaanderen, België;Ronse, Vlaanderen, België;City;49000;;;;;;;;Campaign Negative;;;;;;;;;;;;;;;;;;;;;;;;;;;;;;;;;;;;;;;;;;;;;;;;;;;;;;;;;;;;;;;;;;;;;;;;;;;;;;;;;;;;;;Paused;;Enabled;;;
801-957-6699;Voorbeeldaccount Stan;;BE Dak Eigen Merk Lokaal [Plaats];;;;;;;;;;;;;;;;;;;;;;;;;;;;;;;;;;;;;;;;;;;;;;;;;;;;;;;;;;;;;9047652;9047652;Damme, Vlaanderen, België;Damme, Vlaanderen, België;City;26000;;;;;;;;Campaign Negative;;;;;;;;;;;;;;;;;;;;;;;;;;;;;;;;;;;;;;;;;;;;;;;;;;;;;;;;;;;;;;;;;;;;;;;;;;;;;;;;;;;;;;Paused;;Enabled;;;
801-957-6699;Voorbeeldaccount Stan;;BE Dak Eigen Merk Lokaal [Plaats];;;;;;;;;;;;;;;;;;;;;;;;;;;;;;;;;;;;;;;;;;;;;;;;;;;;;;;;;;;;;1001221;1001221;Lochristi, Vlaanderen, België;Lochristi, Vlaanderen, België;City;69000;;;;;;;;Campaign Negative;;;;;;;;;;;;;;;;;;;;;;;;;;;;;;;;;;;;;;;;;;;;;;;;;;;;;;;;;;;;;;;;;;;;;;;;;;;;;;;;;;;;;;Paused;;Enabled;;;
801-957-6699;Voorbeeldaccount Stan;;BE Dak Eigen Merk Lokaal [Plaats];;;;;;;;;;;;;;;;;;;;;;;;;;;;;;;;;;;;;;;;;;;;;;;;;;;;;;;;;;;;;1001130;1001130;Overijse, Vlaanderen, België;Overijse, Vlaanderen, België;City;58000;;;;;;;;Campaign Negative;;;;;;;;;;;;;;;;;;;;;;;;;;;;;;;;;;;;;;;;;;;;;;;;;;;;;;;;;;;;;;;;;;;;;;;;;;;;;;;;;;;;;;Paused;;Enabled;;;
801-957-6699;Voorbeeldaccount Stan;;BE Dak Eigen Merk Lokaal [Plaats];;;;;;;;;;;;;;;;;;;;;;;;;;;;;;;;;;;;;;;;;;;;;;;;;;;;;;;;;;;;;1001083;1001083;Westerlo, Vlaanderen, België;Westerlo, Vlaanderen, België;City;68000;;;;;;;;Campaign Negative;;;;;;;;;;;;;;;;;;;;;;;;;;;;;;;;;;;;;;;;;;;;;;;;;;;;;;;;;;;;;;;;;;;;;;;;;;;;;;;;;;;;;;Paused;;Enabled;;;
801-957-6699;Voorbeeldaccount Stan;;BE Dak Eigen Merk Lokaal [Plaats];;;;;;;;;;;;;;;;;;;;;;;;;;;;;;;;;;;;;;;;;;;;;;;;;;;;;;;;;;;;;1001266;1001266;Harelbeke, Vlaanderen, België;Harelbeke, Vlaanderen, België;City;66000;;;;;;;;Campaign Negative;;;;;;;;;;;;;;;;;;;;;;;;;;;;;;;;;;;;;;;;;;;;;;;;;;;;;;;;;;;;;;;;;;;;;;;;;;;;;;;;;;;;;;Paused;;Enabled;;;
801-957-6699;Voorbeeldaccount Stan;;BE Dak Eigen Merk Lokaal [Plaats];;;;;;;;;;;;;;;;;;;;;;;;;;;;;;;;;;;;;;;;;;;;;;;;;;;;;;;;;;;;;1001020;1001020;Sint-Lambrechts-Woluwe, Brussel, België;Sint-Lambrechts-Woluwe, Brussel, België;City;133000;;;;;;;;Campaign Negative;;;;;;;;;;;;;;;;;;;;;;;;;;;;;;;;;;;;;;;;;;;;;;;;;;;;;;;;;;;;;;;;;;;;;;;;;;;;;;;;;;;;;;Paused;;Enabled;;;
801-957-6699;Voorbeeldaccount Stan;;BE Dak Eigen Merk Lokaal [Plaats];;;;;;;;;;;;;;;;;;;;;;;;;;;;;;;;;;;;;;;;;;;;;;;;;;;;;;;;;;;;;1001001;1001001;Anderlecht, Brussel, België;Anderlecht, Brussel, België;City;271000;;;;;;;;Campaign Negative;;;;;;;;;;;;;;;;;;;;;;;;;;;;;;;;;;;;;;;;;;;;;;;;;;;;;;;;;;;;;;;;;;;;;;;;;;;;;;;;;;;;;;Paused;;Enabled;;;
801-957-6699;Voorbeeldaccount Stan;;BE Dak Eigen Merk Lokaal [Plaats];;;;;;;;;;;;;;;;;;;;;;;;;;;;;;;;;;;;;;;;;;;;;;;;;;;;;;;;;;;;;1001215;1001215;Kruibeke, Vlaanderen, België;Kruibeke, Vlaanderen, België;City;43000;;;;;;;;Campaign Negative;;;;;;;;;;;;;;;;;;;;;;;;;;;;;;;;;;;;;;;;;;;;;;;;;;;;;;;;;;;;;;;;;;;;;;;;;;;;;;;;;;;;;;Paused;;Enabled;;;
801-957-6699;Voorbeeldaccount Stan;;BE Dak Eigen Merk Lokaal [Plaats];;;;;;;;;;;;;;;;;;;;;;;;;;;;;;;;;;;;;;;;;;;;;;;;;;;;;;;;;;;;;1001231;1001231;Nazareth, Vlaanderen, België;Nazareth, Vlaanderen, België;City;32000;;;;;;;;Campaign Negative;;;;;;;;;;;;;;;;;;;;;;;;;;;;;;;;;;;;;;;;;;;;;;;;;;;;;;;;;;;;;;;;;;;;;;;;;;;;;;;;;;;;;;Paused;;Enabled;;;
801-957-6699;Voorbeeldaccount Stan;;BE Dak Eigen Merk Lokaal [Plaats];;;;;;;;;;;;;;;;;;;;;;;;;;;;;;;;;;;;;;;;;;;;;;;;;;;;;;;;;;;;;1001073;1001073;Schilde, Vlaanderen, België;Schilde, Vlaanderen, België;City;32000;;;;;;;;Campaign Negative;;;;;;;;;;;;;;;;;;;;;;;;;;;;;;;;;;;;;;;;;;;;;;;;;;;;;;;;;;;;;;;;;;;;;;;;;;;;;;;;;;;;;;Paused;;Enabled;;;
801-957-6699;Voorbeeldaccount Stan;;BE Dak Eigen Merk Lokaal [Plaats];;;;;;;;;;;;;;;;;;;;;;;;;;;;;;;;;;;;;;;;;;;;;;;;;;;;;;;;;;;;;1001107;1001107;Halle, Vlaanderen, België;Halle, Vlaanderen, België;City;121000;;;;;;;;Campaign Negative;;;;;;;;;;;;;;;;;;;;;;;;;;;;;;;;;;;;;;;;;;;;;;;;;;;;;;;;;;;;;;;;;;;;;;;;;;;;;;;;;;;;;;Paused;;Enabled;;;
801-957-6699;Voorbeeldaccount Stan;;BE Dak Eigen Merk Lokaal [Plaats];;;;;;;;;;;;;;;;;;;;;;;;;;;;;;;;;;;;;;;;;;;;;;;;;;;;;;;;;;;;;1001087;1001087;Wommelgem, Vlaanderen, België;Wommelgem, Vlaanderen, België;City;49000;;;;;;;;Campaign Negative;;;;;;;;;;;;;;;;;;;;;;;;;;;;;;;;;;;;;;;;;;;;;;;;;;;;;;;;;;;;;;;;;;;;;;;;;;;;;;;;;;;;;;Paused;;Enabled;;;
801-957-6699;Voorbeeldaccount Stan;;BE Dak Eigen Merk Lokaal [Plaats];;;;;;;;;;;;;;;;;;;;;;;;;;;;;;;;;;;;;;;;;;;;;;;;;;;;;;;;;;;;;1001025;1001025;Balen, Vlaanderen, België;Balen, Vlaanderen, België;City;88000;;;;;;;;Campaign Negative;;;;;;;;;;;;;;;;;;;;;;;;;;;;;;;;;;;;;;;;;;;;;;;;;;;;;;;;;;;;;;;;;;;;;;;;;;;;;;;;;;;;;;Paused;;Enabled;;;
801-957-6699;Voorbeeldaccount Stan;;BE Dak Eigen Merk Lokaal [Plaats];;;;;;;;;;;;;;;;;;;;;;;;;;;;;;;;;;;;;;;;;;;;;;;;;;;;;;;;;;;;;9040070;9040070;Vorst, Brussel, België;Vorst, Brussel, België;City;104000;;;;;;;;Campaign Negative;;;;;;;;;;;;;;;;;;;;;;;;;;;;;;;;;;;;;;;;;;;;;;;;;;;;;;;;;;;;;;;;;;;;;;;;;;;;;;;;;;;;;;Paused;;Enabled;;;
801-957-6699;Voorbeeldaccount Stan;;BE Dak Eigen Merk Lokaal [Plaats];;;;;;;;;;;;;;;;;;;;;;;;;;;;;;;;;;;;;;;;;;;;;;;;;;;;;;;;;;;;;1001187;1001187;Aalst, Vlaanderen, België;Aalst, Vlaanderen, België;City;240000;;;;;;;;Campaign Negative;;;;;;;;;;;;;;;;;;;;;;;;;;;;;;;;;;;;;;;;;;;;;;;;;;;;;;;;;;;;;;;;;;;;;;;;;;;;;;;;;;;;;;Paused;;Enabled;;;
801-957-6699;Voorbeeldaccount Stan;;BE Dak Eigen Merk Lokaal [Plaats];;;;;;;;;;;;;;;;;;;;;;;;;;;;;;;;;;;;;;;;;;;;;;;;;;;;;;;;;;;;;9040060;9040060;Gooik, Vlaanderen, België;Gooik, Vlaanderen, België;City;18000;;;;;;;;Campaign Negative;;;;;;;;;;;;;;;;;;;;;;;;;;;;;;;;;;;;;;;;;;;;;;;;;;;;;;;;;;;;;;;;;;;;;;;;;;;;;;;;;;;;;;Paused;;Enabled;;;
801-957-6699;Voorbeeldaccount Stan;;BE Dak Eigen Merk Lokaal [Plaats];;;;;;;;;;;;;;;;;;;;;;;;;;;;;;;;;;;;;;;;;;;;;;;;;;;;;;;;;;;;;1001207;1001207;Gavere, Vlaanderen, België;Gavere, Vlaanderen, België;City;52000;;;;;;;;Campaign Negative;;;;;;;;;;;;;;;;;;;;;;;;;;;;;;;;;;;;;;;;;;;;;;;;;;;;;;;;;;;;;;;;;;;;;;;;;;;;;;;;;;;;;;Paused;;Enabled;;;
801-957-6699;Voorbeeldaccount Stan;;BE Dak Eigen Merk Lokaal [Plaats];;;;;;;;;;;;;;;;;;;;;;;;;;;;;;;;;;;;;;;;;;;;;;;;;;;;;;;;;;;;;1001287;1001287;Roeselare, Vlaanderen, België;Roeselare, Vlaanderen, België;City;207000;;;;;;;;Campaign Negative;;;;;;;;;;;;;;;;;;;;;;;;;;;;;;;;;;;;;;;;;;;;;;;;;;;;;;;;;;;;;;;;;;;;;;;;;;;;;;;;;;;;;;Paused;;Enabled;;;
801-957-6699;Voorbeeldaccount Stan;;BE Dak Eigen Merk Lokaal [Plaats];;;;;;;;;;;;;;;;;;;;;;;;;;;;;;;;;;;;;;;;;;;;;;;;;;;;;;;;;;;;;1001038;1001038;Duffel, Vlaanderen, België;Duffel, Vlaanderen, België;City;38000;;;;;;;;Campaign Negative;;;;;;;;;;;;;;;;;;;;;;;;;;;;;;;;;;;;;;;;;;;;;;;;;;;;;;;;;;;;;;;;;;;;;;;;;;;;;;;;;;;;;;Paused;;Enabled;;;
801-957-6699;Voorbeeldaccount Stan;;BE Dak Eigen Merk Lokaal [Plaats];;;;;;;;;;;;;;;;;;;;;;;;;;;;;;;;;;;;;;;;;;;;;;;;;;;;;;;;;;;;;9040091;9040091;Middelkerke, Vlaanderen, België;Middelkerke, Vlaanderen, België;City;117000;;;;;;;;Campaign Negative;;;;;;;;;;;;;;;;;;;;;;;;;;;;;;;;;;;;;;;;;;;;;;;;;;;;;;;;;;;;;;;;;;;;;;;;;;;;;;;;;;;;;;Paused;;Enabled;;;
801-957-6699;Voorbeeldaccount Stan;;BE Dak Eigen Merk Lokaal [Plaats];;;;;;;;;;;;;;;;;;;;;;;;;;;;;;;;;;;;;;;;;;;;;;;;;;;;;;;;;;;;;1001294;1001294;Torhout, Vlaanderen, België;Torhout, Vlaanderen, België;City;50000;;;;;;;;Campaign Negative;;;;;;;;;;;;;;;;;;;;;;;;;;;;;;;;;;;;;;;;;;;;;;;;;;;;;;;;;;;;;;;;;;;;;;;;;;;;;;;;;;;;;;Paused;;Enabled;;;
801-957-6699;Voorbeeldaccount Stan;;BE Dak Eigen Merk Lokaal [Plaats];;;;;;;;;;;;;;;;;;;;;;;;;;;;;;;;;;;;;;;;;;;;;;;;;;;;;;;;;;;;;9040020;9040020;Hoegaarden, Vlaanderen, België;Hoegaarden, Vlaanderen, België;City;13000;;;;;;;;Campaign Negative;;;;;;;;;;;;;;;;;;;;;;;;;;;;;;;;;;;;;;;;;;;;;;;;;;;;;;;;;;;;;;;;;;;;;;;;;;;;;;;;;;;;;;Paused;;Enabled;;;
801-957-6699;Voorbeeldaccount Stan;;BE Dak Eigen Merk Lokaal [Plaats];;;;;;;;;;;;;;;;;;;;;;;;;;;;;;;;;;;;;;;;;;;;;;;;;;;;;;;;;;;;;1001104;1001104;Grimbergen, Vlaanderen, België;Grimbergen, Vlaanderen, België;City;91000;;;;;;;;Campaign Negative;;;;;;;;;;;;;;;;;;;;;;;;;;;;;;;;;;;;;;;;;;;;;;;;;;;;;;;;;;;;;;;;;;;;;;;;;;;;;;;;;;;;;;Paused;;Enabled;;;
801-957-6699;Voorbeeldaccount Stan;;BE Dak Eigen Merk Lokaal [Plaats];;;;;;;;;;;;;;;;;;;;;;;;;;;;;;;;;;;;;;;;;;;;;;;;;;;;;;;;;;;;;9040045;9040045;Blankenberge, Vlaanderen, België;Blankenberge, Vlaanderen, België;City;103000;;;;;;;;Campaign Negative;;;;;;;;;;;;;;;;;;;;;;;;;;;;;;;;;;;;;;;;;;;;;;;;;;;;;;;;;;;;;;;;;;;;;;;;;;;;;;;;;;;;;;Paused;;Enabled;;;
801-957-6699;Voorbeeldaccount Stan;;BE Dak Eigen Merk Lokaal [Plaats];;;;;;;;;;;;;;;;;;;;;;;;;;;;;;;;;;;;;;;;;;;;;;;;;;;;;;;;;;;;;1001273;1001273;Knokke-Heist, Vlaanderen, België;Knokke-Heist, Vlaanderen, België;City;161000;;;;;;;;Campaign Negative;;;;;;;;;;;;;;;;;;;;;;;;;;;;;;;;;;;;;;;;;;;;;;;;;;;;;;;;;;;;;;;;;;;;;;;;;;;;;;;;;;;;;;Paused;;Enabled;;;
801-957-6699;Voorbeeldaccount Stan;;BE Dak Eigen Merk Lokaal [Plaats];;;;;;;;;;;;;;;;;;;;;;;;;;;;;;;;;;;;;;;;;;;;;;;;;;;;;;;;;;;;;9040010;9040010;Laakdal, Vlaanderen, België;Laakdal, Vlaanderen, België;City;33000;;;;;;;;Campaign Negative;;;;;;;;;;;;;;;;;;;;;;;;;;;;;;;;;;;;;;;;;;;;;;;;;;;;;;;;;;;;;;;;;;;;;;;;;;;;;;;;;;;;;;Paused;;Enabled;;;
801-957-6699;Voorbeeldaccount Stan;;BE Dak Eigen Merk Lokaal [Plaats];;;;;;;;;;;;;;;;;;;;;;;;;;;;;;;;;;;;;;;;;;;;;;;;;;;;;;;;;;;;;1001274;1001274;Koksijde, Vlaanderen, België;Koksijde, Vlaanderen, België;City;197000;;;;;;;;Campaign Negative;;;;;;;;;;;;;;;;;;;;;;;;;;;;;;;;;;;;;;;;;;;;;;;;;;;;;;;;;;;;;;;;;;;;;;;;;;;;;;;;;;;;;;Paused;;Enabled;;;
801-957-6699;Voorbeeldaccount Stan;;BE Dak Eigen Merk Lokaal [Plaats];;;;;;;;;;;;;;;;;;;;;;;;;;;;;;;;;;;;;;;;;;;;;;;;;;;;;;;;;;;;;1001152;1001152;Alken, Vlaanderen, België;Alken, Vlaanderen, België;City;25000;;;;;;;;Campaign Negative;;;;;;;;;;;;;;;;;;;;;;;;;;;;;;;;;;;;;;;;;;;;;;;;;;;;;;;;;;;;;;;;;;;;;;;;;;;;;;;;;;;;;;Paused;;Enabled;;;
801-957-6699;Voorbeeldaccount Stan;;BE Dak Eigen Merk Lokaal [Plaats];;;;;;;;;;;;;;;;;;;;;;;;;;;;;;;;;;;;;;;;;;;;;;;;;;;;;;;;;;;;;9040011;9040011;Meerhout, Vlaanderen, België;Meerhout, Vlaanderen, België;City;20000;;;;;;;;Campaign Negative;;;;;;;;;;;;;;;;;;;;;;;;;;;;;;;;;;;;;;;;;;;;;;;;;;;;;;;;;;;;;;;;;;;;;;;;;;;;;;;;;;;;;;Paused;;Enabled;;;
801-957-6699;Voorbeeldaccount Stan;;BE Dak Eigen Merk Lokaal [Plaats];;;;;;;;;;;;;;;;;;;;;;;;;;;;;;;;;;;;;;;;;;;;;;;;;;;;;;;;;;;;;1001268;1001268;Hooglede, Vlaanderen, België;Hooglede, Vlaanderen, België;City;21000;;;;;;;;Campaign Negative;;;;;;;;;;;;;;;;;;;;;;;;;;;;;;;;;;;;;;;;;;;;;;;;;;;;;;;;;;;;;;;;;;;;;;;;;;;;;;;;;;;;;;Paused;;Enabled;;;
801-957-6699;Voorbeeldaccount Stan;;BE Dak Eigen Merk Lokaal [Plaats];;;;;;;;;;;;;;;;;;;;;;;;;;;;;;;;;;;;;;;;;;;;;;;;;;;;;;;;;;;;;9040084;9040084;Wuustwezel, Vlaanderen, België;Wuustwezel, Vlaanderen, België;City;50000;;;;;;;;Campaign Negative;;;;;;;;;;;;;;;;;;;;;;;;;;;;;;;;;;;;;;;;;;;;;;;;;;;;;;;;;;;;;;;;;;;;;;;;;;;;;;;;;;;;;;Paused;;Enabled;;;
801-957-6699;Voorbeeldaccount Stan;;BE Dak Eigen Merk Lokaal [Plaats];;;;;;;;;;;;;;;;;;;;;;;;;;;;;;;;;;;;;;;;;;;;;;;;;;;;;;;;;;;;;1001150;1001150;Zaventem, Vlaanderen, België;Zaventem, Vlaanderen, België;City;469000;;;;;;;;Campaign Negative;;;;;;;;;;;;;;;;;;;;;;;;;;;;;;;;;;;;;;;;;;;;;;;;;;;;;;;;;;;;;;;;;;;;;;;;;;;;;;;;;;;;;;Paused;;Enabled;;;
801-957-6699;Voorbeeldaccount Stan;;BE Dak Eigen Merk Lokaal [Plaats];;;;;;;;;;;;;;;;;;;;;;;;;;;;;;;;;;;;;;;;;;;;;;;;;;;;;;;;;;;;;1001071;1001071;Rumst, Vlaanderen, België;Rumst, Vlaanderen, België;City;55000;;;;;;;;Campaign Negative;;;;;;;;;;;;;;;;;;;;;;;;;;;;;;;;;;;;;;;;;;;;;;;;;;;;;;;;;;;;;;;;;;;;;;;;;;;;;;;;;;;;;;Paused;;Enabled;;;
801-957-6699;Voorbeeldaccount Stan;;BE Dak Eigen Merk Lokaal [Plaats];;;;;;;;;;;;;;;;;;;;;;;;;;;;;;;;;;;;;;;;;;;;;;;;;;;;;;;;;;;;;1001193;1001193;Brakel, Vlaanderen, België;Brakel, Vlaanderen, België;City;64000;;;;;;;;Campaign Negative;;;;;;;;;;;;;;;;;;;;;;;;;;;;;;;;;;;;;;;;;;;;;;;;;;;;;;;;;;;;;;;;;;;;;;;;;;;;;;;;;;;;;;Paused;;Enabled;;;
801-957-6699;Voorbeeldaccount Stan;;BE Dak Eigen Merk Lokaal [Plaats];;;;;;;;;;;;;;;;;;;;;;;;;;;;;;;;;;;;;;;;;;;;;;;;;;;;;;;;;;;;;1001068;1001068;Puurs-Sint-Amands, Vlaanderen, België;Puurs-Sint-Amands, Vlaanderen, België;City;52000;;;;;;;;Campaign Negative;;;;;;;;;;;;;;;;;;;;;;;;;;;;;;;;;;;;;;;;;;;;;;;;;;;;;;;;;;;;;;;;;;;;;;;;;;;;;;;;;;;;;;Paused;;Enabled;;;
801-957-6699;Voorbeeldaccount Stan;;BE Dak Eigen Merk Lokaal [Plaats];;;;;;;;;;;;;;;;;;;;;;;;;;;;;;;;;;;;;;;;;;;;;;;;;;;;;;;;;;;;;1001110;1001110;Holsbeek, Vlaanderen, België;Holsbeek, Vlaanderen, België;City;20000;;;;;;;;Campaign Negative;;;;;;;;;;;;;;;;;;;;;;;;;;;;;;;;;;;;;;;;;;;;;;;;;;;;;;;;;;;;;;;;;;;;;;;;;;;;;;;;;;;;;;Paused;;Enabled;;;
801-957-6699;Voorbeeldaccount Stan;;BE Dak Eigen Merk Lokaal [Plaats];;;;;;;;;;;;;;;;;;;;;;;;;;;;;;;;;;;;;;;;;;;;;;;;;;;;;;;;;;;;;1001028;1001028;Bonheiden, Vlaanderen, België;Bonheiden, Vlaanderen, België;City;26000;;;;;;;;Campaign Negative;;;;;;;;;;;;;;;;;;;;;;;;;;;;;;;;;;;;;;;;;;;;;;;;;;;;;;;;;;;;;;;;;;;;;;;;;;;;;;;;;;;;;;Paused;;Enabled;;;
801-957-6699;Voorbeeldaccount Stan;;BE Dak Eigen Merk Lokaal [Plaats];;;;;;;;;;;;;;;;;;;;;;;;;;;;;;;;;;;;;;;;;;;;;;;;;;;;;;;;;;;;;1001085;1001085;Willebroek, Vlaanderen, België;Willebroek, Vlaanderen, België;City;51000;;;;;;;;Campaign Negative;;;;;;;;;;;;;;;;;;;;;;;;;;;;;;;;;;;;;;;;;;;;;;;;;;;;;;;;;;;;;;;;;;;;;;;;;;;;;;;;;;;;;;Paused;;Enabled;;;
801-957-6699;Voorbeeldaccount Stan;;BE Dak Eigen Merk Lokaal [Plaats];;;;;;;;;;;;;;;;;;;;;;;;;;;;;;;;;;;;;;;;;;;;;;;;;;;;;;;;;;;;;1001208;1001208;Gent, Vlaanderen, België;Gent, Vlaanderen, België;City;2550000;;;;;;;;Campaign Negative;;;;;;;;;;;;;;;;;;;;;;;;;;;;;;;;;;;;;;;;;;;;;;;;;;;;;;;;;;;;;;;;;;;;;;;;;;;;;;;;;;;;;;Paused;;Enabled;;;
801-957-6699;Voorbeeldaccount Stan;;BE Dak Eigen Merk Lokaal [Plaats];;;;;;;;;;;;;;;;;;;;;;;;;;;;;;;;;;;;;;;;;;;;;;;;;;;;;;;;;;;;;9040042;9040042;Ingelmunster, Vlaanderen, België;Ingelmunster, Vlaanderen, België;City;22000;;;;;;;;Campaign Negative;;;;;;;;;;;;;;;;;;;;;;;;;;;;;;;;;;;;;;;;;;;;;;;;;;;;;;;;;;;;;;;;;;;;;;;;;;;;;;;;;;;;;;Paused;;Enabled;;;
801-957-6699;Voorbeeldaccount Stan;;BE Dak Eigen Merk Lokaal [Plaats];;;;;;;;;;;;;;;;;;;;;;;;;;;;;;;;;;;;;;;;;;;;;;;;;;;;;;;;;;;;;1001210;1001210;Hamme, Vlaanderen, België;Hamme, Vlaanderen, België;City;55000;;;;;;;;Campaign Negative;;;;;;;;;;;;;;;;;;;;;;;;;;;;;;;;;;;;;;;;;;;;;;;;;;;;;;;;;;;;;;;;;;;;;;;;;;;;;;;;;;;;;;Paused;;Enabled;;;
801-957-6699;Voorbeeldaccount Stan;;BE Dak Eigen Merk Lokaal [Plaats];;;;;;;;;;;;;;;;;;;;;;;;;;;;;;;;;;;;;;;;;;;;;;;;;;;;;;;;;;;;;1001010;1001010;Elsene, Brussel, België;Elsene, Brussel, België;City;270000;;;;;;;;Campaign Negative;;;;;;;;;;;;;;;;;;;;;;;;;;;;;;;;;;;;;;;;;;;;;;;;;;;;;;;;;;;;;;;;;;;;;;;;;;;;;;;;;;;;;;Paused;;Enabled;;;
801-957-6699;Voorbeeldaccount Stan;;BE Dak Eigen Merk Lokaal [Plaats];;;;;;;;;;;;;;;;;;;;;;;;;;;;;;;;;;;;;;;;;;;;;;;;;;;;;;;;;;;;;9040058;9040058;Galmaarden, Vlaanderen, België;Galmaarden, Vlaanderen, België;City;16000;;;;;;;;Campaign Negative;;;;;;;;;;;;;;;;;;;;;;;;;;;;;;;;;;;;;;;;;;;;;;;;;;;;;;;;;;;;;;;;;;;;;;;;;;;;;;;;;;;;;;Paused;;Enabled;;;
801-957-6699;Voorbeeldaccount Stan;;BE Dak Eigen Merk Lokaal [Plaats];;;;;;;;;;;;;;;;;;;;;;;;;;;;;;;;;;;;;;;;;;;;;;;;;;;;;;;;;;;;;1001300;1001300;Wevelgem, Vlaanderen, België;Wevelgem, Vlaanderen, België;City;61000;;;;;;;;Campaign Negative;;;;;;;;;;;;;;;;;;;;;;;;;;;;;;;;;;;;;;;;;;;;;;;;;;;;;;;;;;;;;;;;;;;;;;;;;;;;;;;;;;;;;;Paused;;Enabled;;;
801-957-6699;Voorbeeldaccount Stan;;BE Dak Eigen Merk Lokaal [Plaats];;;;;;;;;;;;;;;;;;;;;;;;;;;;;;;;;;;;;;;;;;;;;;;;;;;;;;;;;;;;;1001298;1001298;Wervik, Vlaanderen, België;Wervik, Vlaanderen, België;City;33000;;;;;;;;Campaign Negative;;;;;;;;;;;;;;;;;;;;;;;;;;;;;;;;;;;;;;;;;;;;;;;;;;;;;;;;;;;;;;;;;;;;;;;;;;;;;;;;;;;;;;Paused;;Enabled;;;
801-957-6699;Voorbeeldaccount Stan;;BE Dak Eigen Merk Lokaal [Plaats];;;;;;;;;;;;;;;;;;;;;;;;;;;;;;;;;;;;;;;;;;;;;;;;;;;;;;;;;;;;;1001027;1001027;Boechout, Vlaanderen, België;Boechout, Vlaanderen, België;City;28000;;;;;;;;Campaign Negative;;;;;;;;;;;;;;;;;;;;;;;;;;;;;;;;;;;;;;;;;;;;;;;;;;;;;;;;;;;;;;;;;;;;;;;;;;;;;;;;;;;;;;Paused;;Enabled;;;
801-957-6699;Voorbeeldaccount Stan;;BE Dak Eigen Merk Lokaal [Plaats];;;;;;;;;;;;;;;;;;;;;;;;;;;;;;;;;;;;;;;;;;;;;;;;;;;;;;;;;;;;;1001098;1001098;Boutersem, Vlaanderen, België;Boutersem, Vlaanderen, België;City;16000;;;;;;;;Campaign Negative;;;;;;;;;;;;;;;;;;;;;;;;;;;;;;;;;;;;;;;;;;;;;;;;;;;;;;;;;;;;;;;;;;;;;;;;;;;;;;;;;;;;;;Paused;;Enabled;;;
801-957-6699;Voorbeeldaccount Stan;;BE Dak Eigen Merk Lokaal [Plaats];;;;;;;;;;;;;;;;;;;;;;;;;;;;;;;;;;;;;;;;;;;;;;;;;;;;;;;;;;;;;9040016;9040016;Herenthout, Vlaanderen, België;Herenthout, Vlaanderen, België;City;17000;;;;;;;;Campaign Negative;;;;;;;;;;;;;;;;;;;;;;;;;;;;;;;;;;;;;;;;;;;;;;;;;;;;;;;;;;;;;;;;;;;;;;;;;;;;;;;;;;;;;;Paused;;Enabled;;;
801-957-6699;Voorbeeldaccount Stan;;BE Dak Eigen Merk Lokaal [Plaats];;;;;;;;;;;;;;;;;;;;;;;;;;;;;;;;;;;;;;;;;;;;;;;;;;;;;;;;;;;;;1001154;1001154;Bilzen, Vlaanderen, België;Bilzen, Vlaanderen, België;City;82000;;;;;;;;Campaign Negative;;;;;;;;;;;;;;;;;;;;;;;;;;;;;;;;;;;;;;;;;;;;;;;;;;;;;;;;;;;;;;;;;;;;;;;;;;;;;;;;;;;;;;Paused;;Enabled;;;
801-957-6699;Voorbeeldaccount Stan;;BE Dak Eigen Merk Lokaal [Plaats];;;;;;;;;;;;;;;;;;;;;;;;;;;;;;;;;;;;;;;;;;;;;;;;;;;;;;;;;;;;;9040005;9040005;Linter, Vlaanderen, België;Linter, Vlaanderen, België;City;13000;;;;;;;;Campaign Negative;;;;;;;;;;;;;;;;;;;;;;;;;;;;;;;;;;;;;;;;;;;;;;;;;;;;;;;;;;;;;;;;;;;;;;;;;;;;;;;;;;;;;;Paused;;Enabled;;;
801-957-6699;Voorbeeldaccount Stan;;BE Dak Eigen Merk Lokaal [Plaats];;;;;;;;;;;;;;;;;;;;;;;;;;;;;;;;;;;;;;;;;;;;;;;;;;;;;;;;;;;;;9040069;9040069;Sint-Gillis, Brussel, België;Sint-Gillis, Brussel, België;City;159000;;;;;;;;Campaign Negative;;;;;;;;;;;;;;;;;;;;;;;;;;;;;;;;;;;;;;;;;;;;;;;;;;;;;;;;;;;;;;;;;;;;;;;;;;;;;;;;;;;;;;Paused;;Enabled;;;
801-957-6699;Voorbeeldaccount Stan;;BE Dak Eigen Merk Lokaal [Plaats];;;;;;;;;;;;;;;;;;;;;;;;;;;;;;;;;;;;;;;;;;;;;;;;;;;;;;;;;;;;;9047639;9047639;Anzegem, Vlaanderen, België;Anzegem, Vlaanderen, België;City;26000;;;;;;;;Campaign Negative;;;;;;;;;;;;;;;;;;;;;;;;;;;;;;;;;;;;;;;;;;;;;;;;;;;;;;;;;;;;;;;;;;;;;;;;;;;;;;;;;;;;;;Paused;;Enabled;;;
801-957-6699;Voorbeeldaccount Stan;;BE Dak Eigen Merk Lokaal [Plaats];;;;;;;;;;;;;;;;;;;;;;;;;;;;;;;;;;;;;;;;;;;;;;;;;;;;;;;;;;;;;1001080;1001080;Turnhout, Vlaanderen, België;Turnhout, Vlaanderen, België;City;134000;;;;;;;;Campaign Negative;;;;;;;;;;;;;;;;;;;;;;;;;;;;;;;;;;;;;;;;;;;;;;;;;;;;;;;;;;;;;;;;;;;;;;;;;;;;;;;;;;;;;;Paused;;Enabled;;;
801-957-6699;Voorbeeldaccount Stan;;BE Dak Eigen Merk Lokaal [Plaats];;;;;;;;;;;;;;;;;;;;;;;;;;;;;;;;;;;;;;;;;;;;;;;;;;;;;;;;;;;;;1001142;1001142;Tienen, Vlaanderen, België;Tienen, Vlaanderen, België;City;83000;;;;;;;;Campaign Negative;;;;;;;;;;;;;;;;;;;;;;;;;;;;;;;;;;;;;;;;;;;;;;;;;;;;;;;;;;;;;;;;;;;;;;;;;;;;;;;;;;;;;;Paused;;Enabled;;;
801-957-6699;Voorbeeldaccount Stan;;BE Dak Eigen Merk Lokaal [Plaats];;;;;;;;;;;;;;;;;;;;;;;;;;;;;;;;;;;;;;;;;;;;;;;;;;;;;;;;;;;;;1001194;1001194;Buggenhout, Vlaanderen, België;Buggenhout, Vlaanderen, België;City;24000;;;;;;;;Campaign Negative;;;;;;;;;;;;;;;;;;;;;;;;;;;;;;;;;;;;;;;;;;;;;;;;;;;;;;;;;;;;;;;;;;;;;;;;;;;;;;;;;;;;;;Paused;;Enabled;;;
801-957-6699;Voorbeeldaccount Stan;;BE Dak Eigen Merk Lokaal [Plaats];;;;;;;;;;;;;;;;;;;;;;;;;;;;;;;;;;;;;;;;;;;;;;;;;;;;;;;;;;;;;9040014;9040014;Kasterlee, Vlaanderen, België;Kasterlee, Vlaanderen, België;City;103000;;;;;;;;Campaign Negative;;;;;;;;;;;;;;;;;;;;;;;;;;;;;;;;;;;;;;;;;;;;;;;;;;;;;;;;;;;;;;;;;;;;;;;;;;;;;;;;;;;;;;Paused;;Enabled;;;
801-957-6699;Voorbeeldaccount Stan;;BE Dak Eigen Merk Lokaal [Plaats];;;;;;;;;;;;;;;;;;;;;;;;;;;;;;;;;;;;;;;;;;;;;;;;;;;;;;;;;;;;;1001293;1001293;Tielt, Vlaanderen, België;Tielt, Vlaanderen, België;City;68000;;;;;;;;Campaign Negative;;;;;;;;;;;;;;;;;;;;;;;;;;;;;;;;;;;;;;;;;;;;;;;;;;;;;;;;;;;;;;;;;;;;;;;;;;;;;;;;;;;;;;Paused;;Enabled;;;
801-957-6699;Voorbeeldaccount Stan;;BE Dak Eigen Merk Lokaal [Plaats];;;;;;;;;;;;;;;;;;;;;;;;;;;;;;;;;;;;;;;;;;;;;;;;;;;;;;;;;;;;;9040040;9040040;Zwalm, Vlaanderen, België;Zwalm, Vlaanderen, België;City;13000;;;;;;;;Campaign Negative;;;;;;;;;;;;;;;;;;;;;;;;;;;;;;;;;;;;;;;;;;;;;;;;;;;;;;;;;;;;;;;;;;;;;;;;;;;;;;;;;;;;;;Paused;;Enabled;;;
801-957-6699;Voorbeeldaccount Stan;;BE Dak Eigen Merk Lokaal [Plaats];;;;;;;;;;;;;;;;;;;;;;;;;;;;;;;;;;;;;;;;;;;;;;;;;;;;;;;;;;;;;1001076;1001076;Sint-Amands, Vlaanderen, België;Sint-Amands, Vlaanderen, België;City;7000;;;;;;;;Campaign Negative;;;;;;;;;;;;;;;;;;;;;;;;;;;;;;;;;;;;;;;;;;;;;;;;;;;;;;;;;;;;;;;;;;;;;;;;;;;;;;;;;;;;;;Paused;;Enabled;;;
801-957-6699;Voorbeeldaccount Stan;;BE Dak Eigen Merk Lokaal [Plaats];;;;;;;;;;;;;;;;;;;;;;;;;;;;;;;;;;;;;;;;;;;;;;;;;;;;;;;;;;;;;1001121;1001121;Londerzeel, Vlaanderen, België;Londerzeel, Vlaanderen, België;City;37000;;;;;;;;Campaign Negative;;;;;;;;;;;;;;;;;;;;;;;;;;;;;;;;;;;;;;;;;;;;;;;;;;;;;;;;;;;;;;;;;;;;;;;;;;;;;;;;;;;;;;Paused;;Enabled;;;
801-957-6699;Voorbeeldaccount Stan;;BE Dak Eigen Merk Lokaal [Plaats];;;;;;;;;;;;;;;;;;;;;;;;;;;;;;;;;;;;;;;;;;;;;;;;;;;;;;;;;;;;;9040087;9040087;Merksplas, Vlaanderen, België;Merksplas, Vlaanderen, België;City;19000;;;;;;;;Campaign Negative;;;;;;;;;;;;;;;;;;;;;;;;;;;;;;;;;;;;;;;;;;;;;;;;;;;;;;;;;;;;;;;;;;;;;;;;;;;;;;;;;;;;;;Paused;;Enabled;;;
801-957-6699;Voorbeeldaccount Stan;;BE Dak Eigen Merk Lokaal [Plaats];;;;;;;;;;;;;;;;;;;;;;;;;;;;;;;;;;;;;;;;;;;;;;;;;;;;;;;;;;;;;1001182;1001182;Sint-Truiden, Vlaanderen, België;Sint-Truiden, Vlaanderen, België;City;93000;;;;;;;;Campaign Negative;;;;;;;;;;;;;;;;;;;;;;;;;;;;;;;;;;;;;;;;;;;;;;;;;;;;;;;;;;;;;;;;;;;;;;;;;;;;;;;;;;;;;;Paused;;Enabled;;;
801-957-6699;Voorbeeldaccount Stan;;BE Dak Eigen Merk Lokaal [Plaats];;;;;;;;;;;;;;;;;;;;;;;;;;;;;;;;;;;;;;;;;;;;;;;;;;;;;;;;;;;;;1001004;1001004;Brussel, Brussel, België;Brussel, Brussel, België;City;3050000;;;;;;;;Campaign Negative;;;;;;;;;;;;;;;;;;;;;;;;;;;;;;;;;;;;;;;;;;;;;;;;;;;;;;;;;;;;;;;;;;;;;;;;;;;;;;;;;;;;;;Paused;;Enabled;;;
801-957-6699;Voorbeeldaccount Stan;;BE Dak Eigen Merk Lokaal [Plaats];;;;;;;;;;;;;;;;;;;;;;;;;;;;;;;;;;;;;;;;;;;;;;;;;;;;;;;;;;;;;1001262;1001262;Gistel, Vlaanderen, België;Gistel, Vlaanderen, België;City;31000;;;;;;;;Campaign Negative;;;;;;;;;;;;;;;;;;;;;;;;;;;;;;;;;;;;;;;;;;;;;;;;;;;;;;;;;;;;;;;;;;;;;;;;;;;;;;;;;;;;;;Paused;;Enabled;;;
801-957-6699;Voorbeeldaccount Stan;;BE Dak Eigen Merk Lokaal [Plaats];;;;;;;;;;;;;;;;;;;;;;;;;;;;;;;;;;;;;;;;;;;;;;;;;;;;;;;;;;;;;1001170;1001170;Kinrooi, Vlaanderen, België;Kinrooi, Vlaanderen, België;City;24000;;;;;;;;Campaign Negative;;;;;;;;;;;;;;;;;;;;;;;;;;;;;;;;;;;;;;;;;;;;;;;;;;;;;;;;;;;;;;;;;;;;;;;;;;;;;;;;;;;;;;Paused;;Enabled;;;
801-957-6699;Voorbeeldaccount Stan;;BE Dak Eigen Merk Lokaal [Plaats];;;;;;;;;;;;;;;;;;;;;;;;;;;;;;;;;;;;;;;;;;;;;;;;;;;;;;;;;;;;;1001054;1001054;Kontich, Vlaanderen, België;Kontich, Vlaanderen, België;City;70000;;;;;;;;Campaign Negative;;;;;;;;;;;;;;;;;;;;;;;;;;;;;;;;;;;;;;;;;;;;;;;;;;;;;;;;;;;;;;;;;;;;;;;;;;;;;;;;;;;;;;Paused;;Enabled;;;
801-957-6699;Voorbeeldaccount Stan;;BE Dak Eigen Merk Lokaal [Plaats];;;;;;;;;;;;;;;;;;;;;;;;;;;;;;;;;;;;;;;;;;;;;;;;;;;;;;;;;;;;;1001046;1001046;Hemiksem, Vlaanderen, België;Hemiksem, Vlaanderen, België;City;25000;;;;;;;;Campaign Negative;;;;;;;;;;;;;;;;;;;;;;;;;;;;;;;;;;;;;;;;;;;;;;;;;;;;;;;;;;;;;;;;;;;;;;;;;;;;;;;;;;;;;;Paused;;Enabled;;;
801-957-6699;Voorbeeldaccount Stan;;BE Dak Eigen Merk Lokaal [Plaats];;;;;;;;;;;;;;;;;;;;;;;;;;;;;;;;;;;;;;;;;;;;;;;;;;;;;;;;;;;;;9047671;9047671;Sint-Agatha-Berchem, Brussel, België;Sint-Agatha-Berchem, Brussel, België;City;26000;;;;;;;;Campaign Negative;;;;;;;;;;;;;;;;;;;;;;;;;;;;;;;;;;;;;;;;;;;;;;;;;;;;;;;;;;;;;;;;;;;;;;;;;;;;;;;;;;;;;;Paused;;Enabled;;;
801-957-6699;Voorbeeldaccount Stan;;BE Dak Eigen Merk Lokaal [Plaats];;;;;;;;;;;;;;;;;;;;;;;;;;;;;;;;;;;;;;;;;;;;;;;;;;;;;;;;;;;;;1001057;1001057;Lier, Vlaanderen, België;Lier, Vlaanderen, België;City;146000;;;;;;;;Campaign Negative;;;;;;;;;;;;;;;;;;;;;;;;;;;;;;;;;;;;;;;;;;;;;;;;;;;;;;;;;;;;;;;;;;;;;;;;;;;;;;;;;;;;;;Paused;;Enabled;;;
801-957-6699;Voorbeeldaccount Stan;;BE Dak Eigen Merk Lokaal [Plaats];;;;;;;;;;;;;;;;;;;;;;;;;;;;;;;;;;;;;;;;;;;;;;;;;;;;;;;;;;;;;1001269;1001269;Ieper, Vlaanderen, België;Ieper, Vlaanderen, België;City;97000;;;;;;;;Campaign Negative;;;;;;;;;;;;;;;;;;;;;;;;;;;;;;;;;;;;;;;;;;;;;;;;;;;;;;;;;;;;;;;;;;;;;;;;;;;;;;;;;;;;;;Paused;;Enabled;;;
801-957-6699;Voorbeeldaccount Stan;;BE Dak Eigen Merk Lokaal [Plaats];;;;;;;;;;;;;;;;;;;;;;;;;;;;;;;;;;;;;;;;;;;;;;;;;;;;;;;;;;;;;9040051;9040051;Wichelen, Vlaanderen, België;Wichelen, Vlaanderen, België;City;17000;;;;;;;;Campaign Negative;;;;;;;;;;;;;;;;;;;;;;;;;;;;;;;;;;;;;;;;;;;;;;;;;;;;;;;;;;;;;;;;;;;;;;;;;;;;;;;;;;;;;;Paused;;Enabled;;;
801-957-6699;Voorbeeldaccount Stan;;BE Dak Eigen Merk Lokaal [Plaats];;;;;;;;;;;;;;;;;;;;;;;;;;;;;;;;;;;;;;;;;;;;;;;;;;;;;;;;;;;;;20057;20057;West-Vlaanderen, Vlaanderen, België;West-Vlaanderen, Vlaanderen, België;Province;2270000;;;;;;;;Campaign Negative;;;;;;;;;;;;;;;;;;;;;;;;;;;;;;;;;;;;;;;;;;;;;;;;;;;;;;;;;;;;;;;;;;;;;;;;;;;;;;;;;;;;;;Paused;;Enabled;;;
801-957-6699;Voorbeeldaccount Stan;;BE Dak Eigen Merk Lokaal [Plaats];;;;;;;;;;;;;;;;;;;;;;;;;;;;;;;;;;;;;;;;;;;;;;;;;;;;;;;;;;;;;1001052;1001052;Kapellen, Vlaanderen, België;Kapellen, Vlaanderen, België;City;82000;;;;;;;;Campaign Negative;;;;;;;;;;;;;;;;;;;;;;;;;;;;;;;;;;;;;;;;;;;;;;;;;;;;;;;;;;;;;;;;;;;;;;;;;;;;;;;;;;;;;;Paused;;Enabled;;;
801-957-6699;Voorbeeldaccount Stan;;BE Dak Eigen Merk Lokaal [Plaats];;;;;;;;;;;;;;;;;;;;;;;;;;;;;;;;;;;;;;;;;;;;;;;;;;;;;;;;;;;;;9047663;9047663;Kortemark, Vlaanderen, België;Kortemark, Vlaanderen, België;City;25000;;;;;;;;Campaign Negative;;;;;;;;;;;;;;;;;;;;;;;;;;;;;;;;;;;;;;;;;;;;;;;;;;;;;;;;;;;;;;;;;;;;;;;;;;;;;;;;;;;;;;Paused;;Enabled;;;
801-957-6699;Voorbeeldaccount Stan;;BE Dak Eigen Merk Lokaal [Plaats];;;;;;;;;;;;;;;;;;;;;;;;;;;;;;;;;;;;;;;;;;;;;;;;;;;;;;;;;;;;;9040055;9040055;Herzele, Vlaanderen, België;Herzele, Vlaanderen, België;City;33000;;;;;;;;Campaign Negative;;;;;;;;;;;;;;;;;;;;;;;;;;;;;;;;;;;;;;;;;;;;;;;;;;;;;;;;;;;;;;;;;;;;;;;;;;;;;;;;;;;;;;Paused;;Enabled;;;
801-957-6699;Voorbeeldaccount Stan;;BE Dak Eigen Merk Lokaal [Plaats];;;;;;;;;;;;;;;;;;;;;;;;;;;;;;;;;;;;;;;;;;;;;;;;;;;;;;;;;;;;;1001044;1001044;Grobbendonk, Vlaanderen, België;Grobbendonk, Vlaanderen, België;City;29000;;;;;;;;Campaign Negative;;;;;;;;;;;;;;;;;;;;;;;;;;;;;;;;;;;;;;;;;;;;;;;;;;;;;;;;;;;;;;;;;;;;;;;;;;;;;;;;;;;;;;Paused;;Enabled;;;
801-957-6699;Voorbeeldaccount Stan;;BE Dak Eigen Merk Lokaal [Plaats];;;;;;;;;;;;;;;;;;;;;;;;;;;;;;;;;;;;;;;;;;;;;;;;;;;;;;;;;;;;;9040006;9040006;Zoutleeuw, Vlaanderen, België;Zoutleeuw, Vlaanderen, België;City;17000;;;;;;;;Campaign Negative;;;;;;;;;;;;;;;;;;;;;;;;;;;;;;;;;;;;;;;;;;;;;;;;;;;;;;;;;;;;;;;;;;;;;;;;;;;;;;;;;;;;;;Paused;;Enabled;;;
801-957-6699;Voorbeeldaccount Stan;;BE Dak Eigen Merk Lokaal [Plaats];;;;;;;;;;;;;;;;;;;;;;;;;;;;;;;;;;;;;;;;;;;;;;;;;;;;;;;;;;;;;9040097;9040097;Zonnebeke, Vlaanderen, België;Zonnebeke, Vlaanderen, België;City;31000;;;;;;;;Campaign Negative;;;;;;;;;;;;;;;;;;;;;;;;;;;;;;;;;;;;;;;;;;;;;;;;;;;;;;;;;;;;;;;;;;;;;;;;;;;;;;;;;;;;;;Paused;;Enabled;;;
801-957-6699;Voorbeeldaccount Stan;;BE Dak Eigen Merk Lokaal [Plaats];;;;;;;;;;;;;;;;;;;;;;;;;;;;;;;;;;;;;;;;;;;;;;;;;;;;;;;;;;;;;1001191;1001191;Beveren, Vlaanderen, België;Beveren, Vlaanderen, België;City;144000;;;;;;;;Campaign Negative;;;;;;;;;;;;;;;;;;;;;;;;;;;;;;;;;;;;;;;;;;;;;;;;;;;;;;;;;;;;;;;;;;;;;;;;;;;;;;;;;;;;;;Paused;;Enabled;;;
801-957-6699;Voorbeeldaccount Stan;;BE Dak Eigen Merk Lokaal [Plaats];;;;;;;;;;;;;;;;;;;;;;;;;;;;;;;;;;;;;;;;;;;;;;;;;;;;;;;;;;;;;1001277;1001277;Menen, Vlaanderen, België;Menen, Vlaanderen, België;City;69000;;;;;;;;Campaign Negative;;;;;;;;;;;;;;;;;;;;;;;;;;;;;;;;;;;;;;;;;;;;;;;;;;;;;;;;;;;;;;;;;;;;;;;;;;;;;;;;;;;;;;Paused;;Enabled;;;
801-957-6699;Voorbeeldaccount Stan;;BE Dak Eigen Merk Lokaal [Plaats];;;;;;;;;;;;;;;;;;;;;;;;;;;;;;;;;;;;;;;;;;;;;;;;;;;;;;;;;;;;;9040085;9040085;Vorselaar, Vlaanderen, België;Vorselaar, Vlaanderen, België;City;14000;;;;;;;;Campaign Negative;;;;;;;;;;;;;;;;;;;;;;;;;;;;;;;;;;;;;;;;;;;;;;;;;;;;;;;;;;;;;;;;;;;;;;;;;;;;;;;;;;;;;;Paused;;Enabled;;;
801-957-6699;Voorbeeldaccount Stan;;BE Dak Eigen Merk Lokaal [Plaats];;;;;;;;;;;;;;;;;;;;;;;;;;;;;;;;;;;;;;;;;;;;;;;;;;;;;;;;;;;;;9040082;9040082;Ranst, Vlaanderen, België;Ranst, Vlaanderen, België;City;57000;;;;;;;;Campaign Negative;;;;;;;;;;;;;;;;;;;;;;;;;;;;;;;;;;;;;;;;;;;;;;;;;;;;;;;;;;;;;;;;;;;;;;;;;;;;;;;;;;;;;;Paused;;Enabled;;;
801-957-6699;Voorbeeldaccount Stan;;BE Dak Eigen Merk Lokaal [Plaats];;;;;;;;;;;;;;;;;;;;;;;;;;;;;;;;;;;;;;;;;;;;;;;;;;;;;;;;;;;;;1001188;1001188;Aalter, Vlaanderen, België;Aalter, Vlaanderen, België;City;94000;;;;;;;;Campaign Negative;;;;;;;;;;;;;;;;;;;;;;;;;;;;;;;;;;;;;;;;;;;;;;;;;;;;;;;;;;;;;;;;;;;;;;;;;;;;;;;;;;;;;;Paused;;Enabled;;;
801-957-6699;Voorbeeldaccount Stan;;BE Dak Eigen Merk Lokaal [Plaats];;;;;;;;;;;;;;;;;;;;;;;;;;;;;;;;;;;;;;;;;;;;;;;;;;;;;;;;;;;;;1001343;1001343;Fleurus, Waals Gewest, België;Fleurus, Waals Gewest, België;City;63000;;;;;;;;Campaign Negative;;;;;;;;;;;;;;;;;;;;;;;;;;;;;;;;;;;;;;;;;;;;;;;;;;;;;;;;;;;;;;;;;;;;;;;;;;;;;;;;;;;;;;Paused;;Enabled;;;
801-957-6699;Voorbeeldaccount Stan;;BE Dak Eigen Merk Lokaal [Plaats];;;;;;;;;;;;;;;;;;;;;;;;;;;;;;;;;;;;;;;;;;;;;;;;;;;;;;;;;;;;;1001271;1001271;Jabbeke, Vlaanderen, België;Jabbeke, Vlaanderen, België;City;51000;;;;;;;;Campaign Negative;;;;;;;;;;;;;;;;;;;;;;;;;;;;;;;;;;;;;;;;;;;;;;;;;;;;;;;;;;;;;;;;;;;;;;;;;;;;;;;;;;;;;;Paused;;Enabled;;;
801-957-6699;Voorbeeldaccount Stan;;BE Dak Eigen Merk Lokaal [Plaats];;;;;;;;;;;;;;;;;;;;;;;;;;;;;;;;;;;;;;;;;;;;;;;;;;;;;;;;;;;;;1001039;1001039;Edegem, Vlaanderen, België;Edegem, Vlaanderen, België;City;60000;;;;;;;;Campaign Negative;;;;;;;;;;;;;;;;;;;;;;;;;;;;;;;;;;;;;;;;;;;;;;;;;;;;;;;;;;;;;;;;;;;;;;;;;;;;;;;;;;;;;;Paused;;Enabled;;;
801-957-6699;Voorbeeldaccount Stan;;BE Dak Eigen Merk Lokaal [Plaats];;;;;;;;;;;;;;;;;;;;;;;;;;;;;;;;;;;;;;;;;;;;;;;;;;;;;;;;;;;;;1001015;1001015;Schaarbeek, Brussel, België;Schaarbeek, Brussel, België;City;286000;;;;;;;;Campaign Negative;;;;;;;;;;;;;;;;;;;;;;;;;;;;;;;;;;;;;;;;;;;;;;;;;;;;;;;;;;;;;;;;;;;;;;;;;;;;;;;;;;;;;;Paused;;Enabled;;;
801-957-6699;Voorbeeldaccount Stan;;BE Dak Eigen Merk Lokaal [Plaats];;;;;;;;;;;;;;;;;;;;;;;;;;;;;;;;;;;;;;;;;;;;;;;;;;;;;;;;;;;;;9040066;9040066;Sint-Joost-ten-Node, Brussel, België;Sint-Joost-ten-Node, Brussel, België;City;79000;;;;;;;;Campaign Negative;;;;;;;;;;;;;;;;;;;;;;;;;;;;;;;;;;;;;;;;;;;;;;;;;;;;;;;;;;;;;;;;;;;;;;;;;;;;;;;;;;;;;;Paused;;Enabled;;;
801-957-6699;Voorbeeldaccount Stan;;BE Dak Eigen Merk Lokaal [Plaats];;;;;;;;;;;;;;;;;;;;;;;;;;;;;;;;;;;;;;;;;;;;;;;;;;;;;;;;;;;;;1001097;1001097;Bierbeek, Vlaanderen, België;Bierbeek, Vlaanderen, België;City;22000;;;;;;;;Campaign Negative;;;;;;;;;;;;;;;;;;;;;;;;;;;;;;;;;;;;;;;;;;;;;;;;;;;;;;;;;;;;;;;;;;;;;;;;;;;;;;;;;;;;;;Paused;;Enabled;;;
801-957-6699;Voorbeeldaccount Stan;;BE Dak Eigen Merk Lokaal [Plaats];;;;;;;;;;;;;;;;;;;;;;;;;;;;;;;;;;;;;;;;;;;;;;;;;;;;;;;;;;;;;1001304;1001304;Zwevegem, Vlaanderen, België;Zwevegem, Vlaanderen, België;City;45000;;;;;;;;Campaign Negative;;;;;;;;;;;;;;;;;;;;;;;;;;;;;;;;;;;;;;;;;;;;;;;;;;;;;;;;;;;;;;;;;;;;;;;;;;;;;;;;;;;;;;Paused;;Enabled;;;
801-957-6699;Voorbeeldaccount Stan;;BE Dak Eigen Merk Lokaal [Plaats];;;;;;;;;;;;;;;;;;;;;;;;;;;;;;;;;;;;;;;;;;;;;;;;;;;;;;;;;;;;;9069524;9069524;Waals Gewest, België;Waals Gewest, België;Region;4410000;;;;;;;;Campaign Negative;;;;;;;;;;;;;;;;;;;;;;;;;;;;;;;;;;;;;;;;;;;;;;;;;;;;;;;;;;;;;;;;;;;;;;;;;;;;;;;;;;;;;;Paused;;Enabled;;;
801-957-6699;Voorbeeldaccount Stan;;BE Dak Eigen Merk Lokaal [Plaats];;;;;;;;;;;;;;;;;;;;;;;;;;;;;;;;;;;;;;;;;;;;;;;;;;;;;;;;;;;;;1001088;1001088;Zandhoven, Vlaanderen, België;Zandhoven, Vlaanderen, België;City;41000;;;;;;;;Campaign Negative;;;;;;;;;;;;;;;;;;;;;;;;;;;;;;;;;;;;;;;;;;;;;;;;;;;;;;;;;;;;;;;;;;;;;;;;;;;;;;;;;;;;;;Paused;;Enabled;;;
801-957-6699;Voorbeeldaccount Stan;;BE Dak Eigen Merk Lokaal [Plaats];;;;;;;;;;;;;;;;;;;;;;;;;;;;;;;;;;;;;;;;;;;;;;;;;;;;;;;;;;;;;1001301;1001301;Wielsbeke, Vlaanderen, België;Wielsbeke, Vlaanderen, België;City;24000;;;;;;;;Campaign Negative;;;;;;;;;;;;;;;;;;;;;;;;;;;;;;;;;;;;;;;;;;;;;;;;;;;;;;;;;;;;;;;;;;;;;;;;;;;;;;;;;;;;;;Paused;;Enabled;;;
801-957-6699;Voorbeeldaccount Stan;;BE Dak Eigen Merk Lokaal [Plaats];;;;;;;;;;;;;;;;;;;;;;;;;;;;;;;;;;;;;;;;;;;;;;;;;;;;;;;;;;;;;1001252;1001252;Zele, Vlaanderen, België;Zele, Vlaanderen, België;City;42000;;;;;;;;Campaign Negative;;;;;;;;;;;;;;;;;;;;;;;;;;;;;;;;;;;;;;;;;;;;;;;;;;;;;;;;;;;;;;;;;;;;;;;;;;;;;;;;;;;;;;Paused;;Enabled;;;
801-957-6699;Voorbeeldaccount Stan;;BE Dak Eigen Merk Lokaal [Plaats];;;;;;;;;;;;;;;;;;;;;;;;;;;;;;;;;;;;;;;;;;;;;;;;;;;;;;;;;;;;;9040089;9040089;Retie, Vlaanderen, België;Retie, Vlaanderen, België;City;26000;;;;;;;;Campaign Negative;;;;;;;;;;;;;;;;;;;;;;;;;;;;;;;;;;;;;;;;;;;;;;;;;;;;;;;;;;;;;;;;;;;;;;;;;;;;;;;;;;;;;;Paused;;Enabled;;;
801-957-6699;Voorbeeldaccount Stan;;BE Dak Eigen Merk Lokaal [Plaats];;;;;;;;;;;;;;;;;;;;;;;;;;;;;;;;;;;;;;;;;;;;;;;;;;;;;;;;;;;;;1001232;1001232;Nevele, Vlaanderen, België;Nevele, Vlaanderen, België;City;10000;;;;;;;;Campaign Negative;;;;;;;;;;;;;;;;;;;;;;;;;;;;;;;;;;;;;;;;;;;;;;;;;;;;;;;;;;;;;;;;;;;;;;;;;;;;;;;;;;;;;;Paused;;Enabled;;;
801-957-6699;Voorbeeldaccount Stan;;BE Dak Eigen Merk Lokaal [Plaats];;;;;;;;;;;;;;;;;;;;;;;;;;;;;;;;;;;;;;;;;;;;;;;;;;;;;;;;;;;;;1001118;1001118;Leuven, Vlaanderen, België;Leuven, Vlaanderen, België;City;379000;;;;;;;;Campaign Negative;;;;;;;;;;;;;;;;;;;;;;;;;;;;;;;;;;;;;;;;;;;;;;;;;;;;;;;;;;;;;;;;;;;;;;;;;;;;;;;;;;;;;;Paused;;Enabled;;;
801-957-6699;Voorbeeldaccount Stan;;BE Dak Eigen Merk Lokaal [Plaats];;;;;;;;;;;;;;;;;;;;;;;;;;;;;;;;;;;;;;;;;;;;;;;;;;;;;;;;;;;;;1001224;1001224;Maldegem, Vlaanderen, België;Maldegem, Vlaanderen, België;City;56000;;;;;;;;Campaign Negative;;;;;;;;;;;;;;;;;;;;;;;;;;;;;;;;;;;;;;;;;;;;;;;;;;;;;;;;;;;;;;;;;;;;;;;;;;;;;;;;;;;;;;Paused;;Enabled;;;
801-957-6699;Voorbeeldaccount Stan;;BE Dak Eigen Merk Lokaal [Plaats];;;;;;;;;;;;;;;;;;;;;;;;;;;;;;;;;;;;;;;;;;;;;;;;;;;;;;;;;;;;;1001256;1001256;Ardooie, Vlaanderen, België;Ardooie, Vlaanderen, België;City;24000;;;;;;;;Campaign Negative;;;;;;;;;;;;;;;;;;;;;;;;;;;;;;;;;;;;;;;;;;;;;;;;;;;;;;;;;;;;;;;;;;;;;;;;;;;;;;;;;;;;;;Paused;;Enabled;;;
801-957-6699;Voorbeeldaccount Stan;;BE Dak Eigen Merk Lokaal [Plaats];;;;;;;;;;;;;;;;;;;;;;;;;;;;;;;;;;;;;;;;;;;;;;;;;;;;;;;;;;;;;1001282;1001282;Oostende, Vlaanderen, België;Oostende, Vlaanderen, België;City;397000;;;;;;;;Campaign Negative;;;;;;;;;;;;;;;;;;;;;;;;;;;;;;;;;;;;;;;;;;;;;;;;;;;;;;;;;;;;;;;;;;;;;;;;;;;;;;;;;;;;;;Paused;;Enabled;;;
801-957-6699;Voorbeeldaccount Stan;;BE Dak Eigen Merk Lokaal [Plaats];;;;;;;;;;;;;;;;;;;;;;;;;;;;;;;;;;;;;;;;;;;;;;;;;;;;;;;;;;;;;9040054;9040054;Sint-Lievens-Houtem, Vlaanderen, België;Sint-Lievens-Houtem, Vlaanderen, België;City;18000;;;;;;;;Campaign Negative;;;;;;;;;;;;;;;;;;;;;;;;;;;;;;;;;;;;;;;;;;;;;;;;;;;;;;;;;;;;;;;;;;;;;;;;;;;;;;;;;;;;;;Paused;;Enabled;;;
801-957-6699;Voorbeeldaccount Stan;;BE Dak Eigen Merk Lokaal [Plaats];;;;;;;;;;;;;;;;;;;;;;;;;;;;;;;;;;;;;;;;;;;;;;;;;;;;;;;;;;;;;1001022;1001022;Arendonk, Vlaanderen, België;Arendonk, Vlaanderen, België;City;35000;;;;;;;;Campaign Negative;;;;;;;;;;;;;;;;;;;;;;;;;;;;;;;;;;;;;;;;;;;;;;;;;;;;;;;;;;;;;;;;;;;;;;;;;;;;;;;;;;;;;;Paused;;Enabled;;;
801-957-6699;Voorbeeldaccount Stan;;BE Dak Eigen Merk Lokaal [Plaats];;;;;;;;;;;;;;;;;;;;;;;;;;;;;;;;;;;;;;;;;;;;;;;;;;;;;;;;;;;;;1001249;1001249;Wetteren, Vlaanderen, België;Wetteren, Vlaanderen, België;City;70000;;;;;;;;Campaign Negative;;;;;;;;;;;;;;;;;;;;;;;;;;;;;;;;;;;;;;;;;;;;;;;;;;;;;;;;;;;;;;;;;;;;;;;;;;;;;;;;;;;;;;Paused;;Enabled;;;
801-957-6699;Voorbeeldaccount Stan;;BE Dak Eigen Merk Lokaal [Plaats];;;;;;;;;;;;;;;;;;;;;;;;;;;;;;;;;;;;;;;;;;;;;;;;;;;;;;;;;;;;;9047660;9047660;Hamont-Achel, Vlaanderen, België;Hamont-Achel, Vlaanderen, België;City;24000;;;;;;;;Campaign Negative;;;;;;;;;;;;;;;;;;;;;;;;;;;;;;;;;;;;;;;;;;;;;;;;;;;;;;;;;;;;;;;;;;;;;;;;;;;;;;;;;;;;;;Paused;;Enabled;;;
801-957-6699;Voorbeeldaccount Stan;;BE Dak Eigen Merk Lokaal [Plaats];;;;;;;;;;;;;;;;;;;;;;;;;;;;;;;;;;;;;;;;;;;;;;;;;;;;;;;;;;;;;1001045;1001045;Heist-op-den-Berg, Vlaanderen, België;Heist-op-den-Berg, Vlaanderen, België;City;84000;;;;;;;;Campaign Negative;;;;;;;;;;;;;;;;;;;;;;;;;;;;;;;;;;;;;;;;;;;;;;;;;;;;;;;;;;;;;;;;;;;;;;;;;;;;;;;;;;;;;;Paused;;Enabled;;;
801-957-6699;Voorbeeldaccount Stan;;BE Dak Eigen Merk Lokaal [Plaats];;;;;;;;;;;;;;;;;;;;;;;;;;;;;;;;;;;;;;;;;;;;;;;;;;;;;;;;;;;;;20060;20060;Luik, Waals Gewest, België;Luik, Waals Gewest, België;Province;1540000;;;;;;;;Campaign Negative;;;;;;;;;;;;;;;;;;;;;;;;;;;;;;;;;;;;;;;;;;;;;;;;;;;;;;;;;;;;;;;;;;;;;;;;;;;;;;;;;;;;;;Paused;;Enabled;;;
801-957-6699;Voorbeeldaccount Stan;;BE Dak Eigen Merk Lokaal [Plaats];;;;;;;;;;;;;;;;;;;;;;;;;;;;;;;;;;;;;;;;;;;;;;;;;;;;;;;;;;;;;1001062;1001062;Mol, Vlaanderen, België;Mol, Vlaanderen, België;City;103000;;;;;;;;Campaign Negative;;;;;;;;;;;;;;;;;;;;;;;;;;;;;;;;;;;;;;;;;;;;;;;;;;;;;;;;;;;;;;;;;;;;;;;;;;;;;;;;;;;;;;Paused;;Enabled;;;
801-957-6699;Voorbeeldaccount Stan;;BE Dak Eigen Merk Lokaal [Plaats];;;;;;;;;;;;;;;;;;;;;;;;;;;;;;;;;;;;;;;;;;;;;;;;;;;;;;;;;;;;;1001153;1001153;Beringen, Vlaanderen, België;Beringen, Vlaanderen, België;City;103000;;;;;;;;Campaign Negative;;;;;;;;;;;;;;;;;;;;;;;;;;;;;;;;;;;;;;;;;;;;;;;;;;;;;;;;;;;;;;;;;;;;;;;;;;;;;;;;;;;;;;Paused;;Enabled;;;
801-957-6699;Voorbeeldaccount Stan;;BE Dak Eigen Merk Lokaal [Plaats];;;;;;;;;;;;;;;;;;;;;;;;;;;;;;;;;;;;;;;;;;;;;;;;;;;;;;;;;;;;;1001225;1001225;Melle, Vlaanderen, België;Melle, Vlaanderen, België;City;35000;;;;;;;;Campaign Negative;;;;;;;;;;;;;;;;;;;;;;;;;;;;;;;;;;;;;;;;;;;;;;;;;;;;;;;;;;;;;;;;;;;;;;;;;;;;;;;;;;;;;;Paused;;Enabled;;;
801-957-6699;Voorbeeldaccount Stan;;BE Dak Eigen Merk Lokaal [Plaats];;;;;;;;;;;;;;;;;;;;;;;;;;;;;;;;;;;;;;;;;;;;;;;;;;;;;;;;;;;;;9047675;9047675;Waasmunster, Vlaanderen, België;Waasmunster, Vlaanderen, België;City;32000;;;;;;;;Campaign Negative;;;;;;;;;;;;;;;;;;;;;;;;;;;;;;;;;;;;;;;;;;;;;;;;;;;;;;;;;;;;;;;;;;;;;;;;;;;;;;;;;;;;;;Paused;;Enabled;;;
801-957-6699;Voorbeeldaccount Stan;;BE Dak Eigen Merk Lokaal [Plaats];;;;;;;;;;;;;;;;;;;;;;;;;;;;;;;;;;;;;;;;;;;;;;;;;;;;;;;;;;;;;1001063;1001063;Mortsel, Vlaanderen, België;Mortsel, Vlaanderen, België;City;59000;;;;;;;;Campaign Negative;;;;;;;;;;;;;;;;;;;;;;;;;;;;;;;;;;;;;;;;;;;;;;;;;;;;;;;;;;;;;;;;;;;;;;;;;;;;;;;;;;;;;;Paused;;Enabled;;;
801-957-6699;Voorbeeldaccount Stan;;BE Dak Eigen Merk Lokaal [Plaats];;;;;;;;;;;;;;;;;;;;;;;;;;;;;;;;;;;;;;;;;;;;;;;;;;;;;;;;;;;;;9040086;9040086;Lille, Vlaanderen, België;Lille, Vlaanderen, België;City;77000;;;;;;;;Campaign Negative;;;;;;;;;;;;;;;;;;;;;;;;;;;;;;;;;;;;;;;;;;;;;;;;;;;;;;;;;;;;;;;;;;;;;;;;;;;;;;;;;;;;;;Paused;;Enabled;;;
801-957-6699;Voorbeeldaccount Stan;;BE Dak Eigen Merk Lokaal [Plaats];;;;;;;;;;;;;;;;;;;;;;;;;;;;;;;;;;;;;;;;;;;;;;;;;;;;;;;;;;;;;1001234;1001234;Ninove, Vlaanderen, België;Ninove, Vlaanderen, België;City;70000;;;;;;;;Campaign Negative;;;;;;;;;;;;;;;;;;;;;;;;;;;;;;;;;;;;;;;;;;;;;;;;;;;;;;;;;;;;;;;;;;;;;;;;;;;;;;;;;;;;;;Paused;;Enabled;;;
801-957-6699;Voorbeeldaccount Stan;;BE Dak Eigen Merk Lokaal [Plaats];;;;;;;;;;;;;;;;;;;;;;;;;;;;;;;;;;;;;;;;;;;;;;;;;;;;;;;;;;;;;20059;20059;Henegouwen, Waals Gewest, België;Henegouwen, Waals Gewest, België;Province;1770000;;;;;;;;Campaign Negative;;;;;;;;;;;;;;;;;;;;;;;;;;;;;;;;;;;;;;;;;;;;;;;;;;;;;;;;;;;;;;;;;;;;;;;;;;;;;;;;;;;;;;Paused;;Enabled;;;
801-957-6699;Voorbeeldaccount Stan;;BE Dak Eigen Merk Lokaal [Plaats];;;;;;;;;;;;;;;;;;;;;;;;;;;;;;;;;;;;;;;;;;;;;;;;;;;;;;;;;;;;;1001092;1001092;Asse, Vlaanderen, België;Asse, Vlaanderen, België;City;78000;;;;;;;;Campaign Negative;;;;;;;;;;;;;;;;;;;;;;;;;;;;;;;;;;;;;;;;;;;;;;;;;;;;;;;;;;;;;;;;;;;;;;;;;;;;;;;;;;;;;;Paused;;Enabled;;;
801-957-6699;Voorbeeldaccount Stan;;BE Dak Eigen Merk Lokaal [Plaats];;;;;;;;;;;;;;;;;;;;;;;;;;;;;;;;;;;;;;;;;;;;;;;;;;;;;;;;;;;;;9040043;9040043;Wingene, Vlaanderen, België;Wingene, Vlaanderen, België;City;37000;;;;;;;;Campaign Negative;;;;;;;;;;;;;;;;;;;;;;;;;;;;;;;;;;;;;;;;;;;;;;;;;;;;;;;;;;;;;;;;;;;;;;;;;;;;;;;;;;;;;;Paused;;Enabled;;;
801-957-6699;Voorbeeldaccount Stan;;BE Dak Eigen Merk Lokaal [Plaats];;;;;;;;;;;;;;;;;;;;;;;;;;;;;;;;;;;;;;;;;;;;;;;;;;;;;;;;;;;;;9040039;9040039;Zingem, Vlaanderen, België;Zingem, Vlaanderen, België;City;9000;;;;;;;;Campaign Negative;;;;;;;;;;;;;;;;;;;;;;;;;;;;;;;;;;;;;;;;;;;;;;;;;;;;;;;;;;;;;;;;;;;;;;;;;;;;;;;;;;;;;;Paused;;Enabled;;;
801-957-6699;Voorbeeldaccount Stan;;BE Dak Eigen Merk Lokaal [Plaats];;;;;;;;;;;;;;;;;;;;;;;;;;;;;;;;;;;;;;;;;;;;;;;;;;;;;;;;;;;;;1001003;1001003;Bertem, Vlaanderen, België;Bertem, Vlaanderen, België;City;23000;;;;;;;;Campaign Negative;;;;;;;;;;;;;;;;;;;;;;;;;;;;;;;;;;;;;;;;;;;;;;;;;;;;;;;;;;;;;;;;;;;;;;;;;;;;;;;;;;;;;;Paused;;Enabled;;;
801-957-6699;Voorbeeldaccount Stan;;BE Dak Eigen Merk Lokaal [Plaats];;;;;;;;;;;;;;;;;;;;;;;;;;;;;;;;;;;;;;;;;;;;;;;;;;;;;;;;;;;;;1001011;1001011;Jette, Brussel, België;Jette, Brussel, België;City;91000;;;;;;;;Campaign Negative;;;;;;;;;;;;;;;;;;;;;;;;;;;;;;;;;;;;;;;;;;;;;;;;;;;;;;;;;;;;;;;;;;;;;;;;;;;;;;;;;;;;;;Paused;;Enabled;;;
801-957-6699;Voorbeeldaccount Stan;;BE Dak Eigen Merk Lokaal [Plaats];;;;;;;;;;;;;;;;;;;;;;;;;;;;;;;;;;;;;;;;;;;;;;;;;;;;;;;;;;;;;1001275;1001275;Kortrijk, Vlaanderen, België;Kortrijk, Vlaanderen, België;City;250000;;;;;;;;Campaign Negative;;;;;;;;;;;;;;;;;;;;;;;;;;;;;;;;;;;;;;;;;;;;;;;;;;;;;;;;;;;;;;;;;;;;;;;;;;;;;;;;;;;;;;Paused;;Enabled;;;
801-957-6699;Voorbeeldaccount Stan;;BE Dak Eigen Merk Lokaal [Plaats];;;;;;;;;;;;;;;;;;;;;;;;;;;;;;;;;;;;;;;;;;;;;;;;;;;;;;;;;;;;;1001089;1001089;Zoersel, Vlaanderen, België;Zoersel, Vlaanderen, België;City;51000;;;;;;;;Campaign Negative;;;;;;;;;;;;;;;;;;;;;;;;;;;;;;;;;;;;;;;;;;;;;;;;;;;;;;;;;;;;;;;;;;;;;;;;;;;;;;;;;;;;;;Paused;;Enabled;;;
801-957-6699;Voorbeeldaccount Stan;;BE Dak Eigen Merk Lokaal [Plaats];;;;;;;;;;;;;;;;;;;;;;;;;;;;;;;;;;;;;;;;;;;;;;;;;;;;;;;;;;;;;1001072;1001072;Schelle, Vlaanderen, België;Schelle, Vlaanderen, België;City;22000;;;;;;;;Campaign Negative;;;;;;;;;;;;;;;;;;;;;;;;;;;;;;;;;;;;;;;;;;;;;;;;;;;;;;;;;;;;;;;;;;;;;;;;;;;;;;;;;;;;;;Paused;;Enabled;;;
801-957-6699;Voorbeeldaccount Stan;;BE Dak Eigen Merk Lokaal [Plaats];;;;;;;;;;;;;;;;;;;;;;;;;;;;;;;;;;;;;;;;;;;;;;;;;;;;;;;;;;;;;2276;2276;Duitsland;Duitsland;Country;83100000;;;;;;;;Campaign Negative;;;;;;;;;;;;;;;;;;;;;;;;;;;;;;;;;;;;;;;;;;;;;;;;;;;;;;;;;;;;;;;;;;;;;;;;;;;;;;;;;;;;;;Paused;;Enabled;;;
801-957-6699;Voorbeeldaccount Stan;;BE Dak Eigen Merk Lokaal [Plaats];;;;;;;;;;;;;;;;;;;;;;;;;;;;;;;;;;;;;;;;;;;;;;;;;;;;;;;;;;;;;1001307;1001307;Boortmeerbeek, Vlaanderen, België;Boortmeerbeek, Vlaanderen, België;City;23000;;;;;;;;Campaign Negative;;;;;;;;;;;;;;;;;;;;;;;;;;;;;;;;;;;;;;;;;;;;;;;;;;;;;;;;;;;;;;;;;;;;;;;;;;;;;;;;;;;;;;Paused;;Enabled;;;
801-957-6699;Voorbeeldaccount Stan;;BE Dak Eigen Merk Lokaal [Plaats];;;;;;;;;;;;;;;;;;;;;;;;;;;;;;;;;;;;;;;;;;;;;;;;;;;;;;;;;;;;;1001217;1001217;Lebbeke, Vlaanderen, België;Lebbeke, Vlaanderen, België;City;39000;;;;;;;;Campaign Negative;;;;;;;;;;;;;;;;;;;;;;;;;;;;;;;;;;;;;;;;;;;;;;;;;;;;;;;;;;;;;;;;;;;;;;;;;;;;;;;;;;;;;;Paused;;Enabled;;;
801-957-6699;Voorbeeldaccount Stan;;BE Dak Eigen Merk Lokaal [Plaats];;;;;;;;;;;;;;;;;;;;;;;;;;;;;;;;;;;;;;;;;;;;;;;;;;;;;;;;;;;;;1001310;1001310;Diest, Vlaanderen, België;Diest, Vlaanderen, België;City;83000;;;;;;;;Campaign Negative;;;;;;;;;;;;;;;;;;;;;;;;;;;;;;;;;;;;;;;;;;;;;;;;;;;;;;;;;;;;;;;;;;;;;;;;;;;;;;;;;;;;;;Paused;;Enabled;;;
801-957-6699;Voorbeeldaccount Stan;;BE Dak Eigen Merk Lokaal [Plaats];;;;;;;;;;;;;;;;;;;;;;;;;;;;;;;;;;;;;;;;;;;;;;;;;;;;;;;;;;;;;1001329;1001329;Waver, Waals Gewest, België;Waver, Waals Gewest, België;City;104000;;;;;;;;Campaign Negative;;;;;;;;;;;;;;;;;;;;;;;;;;;;;;;;;;;;;;;;;;;;;;;;;;;;;;;;;;;;;;;;;;;;;;;;;;;;;;;;;;;;;;Paused;;Enabled;;;
801-957-6699;Voorbeeldaccount Stan;;BE Dak Eigen Merk Lokaal [Plaats];;;;;;;;;;;;;;;;;;;;;;;;;;;;;;;;;;;;;;;;;;;;;;;;;;;;;;;;;;;;;1001243;1001243;Stekene, Vlaanderen, België;Stekene, Vlaanderen, België;City;47000;;;;;;;;Campaign Negative;;;;;;;;;;;;;;;;;;;;;;;;;;;;;;;;;;;;;;;;;;;;;;;;;;;;;;;;;;;;;;;;;;;;;;;;;;;;;;;;;;;;;;Paused;;Enabled;;;
801-957-6699;Voorbeeldaccount Stan;;BE Dak Eigen Merk Lokaal [Plaats];;;;;;;;;;;;;;;;;;;;;;;;;;;;;;;;;;;;;;;;;;;;;;;;;;;;;;;;;;;;;9040063;9040063;Tielt-Winge, Vlaanderen, België;Tielt-Winge, Vlaanderen, België;City;26000;;;;;;;;Campaign Negative;;;;;;;;;;;;;;;;;;;;;;;;;;;;;;;;;;;;;;;;;;;;;;;;;;;;;;;;;;;;;;;;;;;;;;;;;;;;;;;;;;;;;;Paused;;Enabled;;;
801-957-6699;Voorbeeldaccount Stan;;BE Dak Eigen Merk Lokaal [Plaats];;;;;;;;;;;;;;;;;;;;;;;;;;;;;;;;;;;;;;;;;;;;;;;;;;;;;;;;;;;;;9047676;9047676;Sint-Pieters-Woluwe, Brussel, België;Sint-Pieters-Woluwe, Brussel, België;City;81000;;;;;;;;Campaign Negative;;;;;;;;;;;;;;;;;;;;;;;;;;;;;;;;;;;;;;;;;;;;;;;;;;;;;;;;;;;;;;;;;;;;;;;;;;;;;;;;;;;;;;Paused;;Enabled;;;
801-957-6699;Voorbeeldaccount Stan;;BE Dak Eigen Merk Lokaal [Plaats];;;;;;;;;;;;;;;;;;;;;;;;;;;;;;;;;;;;;;;;;;;;;;;;;;;;;;;;;;;;;1001342;1001342;Edingen, Waals Gewest, België;Edingen, Waals Gewest, België;City;27000;;;;;;;;Campaign Negative;;;;;;;;;;;;;;;;;;;;;;;;;;;;;;;;;;;;;;;;;;;;;;;;;;;;;;;;;;;;;;;;;;;;;;;;;;;;;;;;;;;;;;Paused;;Enabled;;;
801-957-6699;Voorbeeldaccount Stan;;BE Dak Eigen Merk Lokaal [Plaats];;;;;;;;;;;;;;;;;;;;;;;;;;;;;;;;;;;;;;;;;;;;;;;;;;;;;;;;;;;;;1001066;1001066;Olen, Vlaanderen, België;Olen, Vlaanderen, België;City;31000;;;;;;;;Campaign Negative;;;;;;;;;;;;;;;;;;;;;;;;;;;;;;;;;;;;;;;;;;;;;;;;;;;;;;;;;;;;;;;;;;;;;;;;;;;;;;;;;;;;;;Paused;;Enabled;;;
801-957-6699;Voorbeeldaccount Stan;;BE Dak Eigen Merk Lokaal [Plaats];;;;;;;;;;;;;;;;;;;;;;;;;;;;;;;;;;;;;;;;;;;;;;;;;;;;;;;;;;;;;1001129;1001129;Opwijk, Vlaanderen, België;Opwijk, Vlaanderen, België;City;24000;;;;;;;;Campaign Negative;;;;;;;;;;;;;;;;;;;;;;;;;;;;;;;;;;;;;;;;;;;;;;;;;;;;;;;;;;;;;;;;;;;;;;;;;;;;;;;;;;;;;;Paused;;Enabled;;;
801-957-6699;Voorbeeldaccount Stan;;BE Dak Eigen Merk Lokaal [Plaats];;;;;;;;;;;;;;;;;;;;;;;;;;;;;;;;;;;;;;;;;;;;;;;;;;;;;;;;;;;;;1001090;1001090;Zwijndrecht, Vlaanderen, België;Zwijndrecht, Vlaanderen, België;City;50000;;;;;;;;Campaign Negative;;;;;;;;;;;;;;;;;;;;;;;;;;;;;;;;;;;;;;;;;;;;;;;;;;;;;;;;;;;;;;;;;;;;;;;;;;;;;;;;;;;;;;Paused;;Enabled;;;
801-957-6699;Voorbeeldaccount Stan;;BE Dak Eigen Merk Lokaal [Plaats];;;;;;;;;;;;;;;;;;;;;;;;;;;;;;;;;;;;;;;;;;;;;;;;;;;;;;;;;;;;;9040061;9040061;Denderleeuw, Vlaanderen, België;Denderleeuw, Vlaanderen, België;City;40000;;;;;;;;Campaign Negative;;;;;;;;;;;;;;;;;;;;;;;;;;;;;;;;;;;;;;;;;;;;;;;;;;;;;;;;;;;;;;;;;;;;;;;;;;;;;;;;;;;;;;Paused;;Enabled;;;
801-957-6699;Voorbeeldaccount Stan;;BE Dak Eigen Merk Lokaal [Plaats];;;;;;;;;;;;;;;;;;;;;;;;;;;;;;;;;;;;;;;;;;;;;;;;;;;;;;;;;;;;;1001007;1001007;Evere, Brussel, België;Evere, Brussel, België;City;80000;;;;;;;;Campaign Negative;;;;;;;;;;;;;;;;;;;;;;;;;;;;;;;;;;;;;;;;;;;;;;;;;;;;;;;;;;;;;;;;;;;;;;;;;;;;;;;;;;;;;;Paused;;Enabled;;;
801-957-6699;Voorbeeldaccount Stan;;BE Dak Eigen Merk Lokaal [Plaats];;;;;;;;;;;;;;;;;;;;;;;;;;;;;;;;;;;;;;;;;;;;;;;;;;;;;;;;;;;;;1001175;1001175;Lommel, Vlaanderen, België;Lommel, Vlaanderen, België;City;127000;;;;;;;;Campaign Negative;;;;;;;;;;;;;;;;;;;;;;;;;;;;;;;;;;;;;;;;;;;;;;;;;;;;;;;;;;;;;;;;;;;;;;;;;;;;;;;;;;;;;;Paused;;Enabled;;;
801-957-6699;Voorbeeldaccount Stan;;BE Dak Eigen Merk Lokaal [Plaats];;;;;;;;;;;;;;;;;;;;;;;;;;;;;;;;;;;;;;;;;;;;;;;;;;;;;;;;;;;;;9040053;9040053;Laarne, Vlaanderen, België;Laarne, Vlaanderen, België;City;24000;;;;;;;;Campaign Negative;;;;;;;;;;;;;;;;;;;;;;;;;;;;;;;;;;;;;;;;;;;;;;;;;;;;;;;;;;;;;;;;;;;;;;;;;;;;;;;;;;;;;;Paused;;Enabled;;;
801-957-6699;Voorbeeldaccount Stan;;BE Dak Eigen Merk Lokaal [Plaats];;;;;;;;;;;;;;;;;;;;;;;;;;;;;;;;;;;;;;;;;;;;;;;;;;;;;;;;;;;;;9040015;9040015;Nijlen, Vlaanderen, België;Nijlen, Vlaanderen, België;City;39000;;;;;;;;Campaign Negative;;;;;;;;;;;;;;;;;;;;;;;;;;;;;;;;;;;;;;;;;;;;;;;;;;;;;;;;;;;;;;;;;;;;;;;;;;;;;;;;;;;;;;Paused;;Enabled;;;
801-957-6699;Voorbeeldaccount Stan;;BE Dak Eigen Merk Lokaal [Plaats];;;;;;;;;;;;;;;;;;;;;;;;;;;;;;;;;;;;;;;;;;;;;;;;;;;;;;;;;;;;;1001189;1001189;Assenede, Vlaanderen, België;Assenede, Vlaanderen, België;City;24000;;;;;;;;Campaign Negative;;;;;;;;;;;;;;;;;;;;;;;;;;;;;;;;;;;;;;;;;;;;;;;;;;;;;;;;;;;;;;;;;;;;;;;;;;;;;;;;;;;;;;Paused;;Enabled;;;
801-957-6699;Voorbeeldaccount Stan;;BE Dak Eigen Merk Lokaal [Plaats];;;;;;;;;;;;;;;;;;;;;;;;;;;;;;;;;;;;;;;;;;;;;;;;;;;;;;;;;;;;;1001100;1001100;Dilbeek, Vlaanderen, België;Dilbeek, Vlaanderen, België;City;117000;;;;;;;;Campaign Negative;;;;;;;;;;;;;;;;;;;;;;;;;;;;;;;;;;;;;;;;;;;;;;;;;;;;;;;;;;;;;;;;;;;;;;;;;;;;;;;;;;;;;;Paused;;Enabled;;;
801-957-6699;Voorbeeldaccount Stan;;BE Dak Eigen Merk Lokaal [Plaats];;;;;;;;;;;;;;;;;;;;;;;;;;;;;;;;;;;;;;;;;;;;;;;;;;;;;;;;;;;;;1001047;1001047;Herentals, Vlaanderen, België;Herentals, Vlaanderen, België;City;79000;;;;;;;;Campaign Negative;;;;;;;;;;;;;;;;;;;;;;;;;;;;;;;;;;;;;;;;;;;;;;;;;;;;;;;;;;;;;;;;;;;;;;;;;;;;;;;;;;;;;;Paused;;Enabled;;;
801-957-6699;Voorbeeldaccount Stan;;BE Dak Eigen Merk Lokaal [Plaats];;;;;;;;;;;;;;;;;;;;;;;;;;;;;;;;;;;;;;;;;;;;;;;;;;;;;;;;;;;;;1001074;1001074;Schoten, Vlaanderen, België;Schoten, Vlaanderen, België;City;82000;;;;;;;;Campaign Negative;;;;;;;;;;;;;;;;;;;;;;;;;;;;;;;;;;;;;;;;;;;;;;;;;;;;;;;;;;;;;;;;;;;;;;;;;;;;;;;;;;;;;;Paused;;Enabled;;;
801-957-6699;Voorbeeldaccount Stan;;BE Dak Eigen Merk Lokaal [Plaats];;;;;;;;;;;;;;;;;;;;;;;;;;;;;;;;;;;;;;;;;;;;;;;;;;;;;;;;;;;;;1001006;1001006;Etterbeek, Brussel, België;Etterbeek, Brussel, België;City;103000;;;;;;;;Campaign Negative;;;;;;;;;;;;;;;;;;;;;;;;;;;;;;;;;;;;;;;;;;;;;;;;;;;;;;;;;;;;;;;;;;;;;;;;;;;;;;;;;;;;;;Paused;;Enabled;;;
801-957-6699;Voorbeeldaccount Stan;;BE Dak Eigen Merk Lokaal [Plaats];;;;;;;;;;;;;;;;;;;;;;;;;;;;;;;;;;;;;;;;;;;;;;;;;;;;;;;;;;;;;1001261;1001261;Diksmuide, Vlaanderen, België;Diksmuide, Vlaanderen, België;City;42000;;;;;;;;Campaign Negative;;;;;;;;;;;;;;;;;;;;;;;;;;;;;;;;;;;;;;;;;;;;;;;;;;;;;;;;;;;;;;;;;;;;;;;;;;;;;;;;;;;;;;Paused;;Enabled;;;
801-957-6699;Voorbeeldaccount Stan;;BE Dak Eigen Merk Lokaal [Plaats];;;;;;;;;;;;;;;;;;;;;;;;;;;;;;;;;;;;;;;;;;;;;;;;;;;;;;;;;;;;;9040068;9040068;Sint-Jans-Molenbeek, Brussel, België;Sint-Jans-Molenbeek, Brussel, België;City;184000;;;;;;;;Campaign Negative;;;;;;;;;;;;;;;;;;;;;;;;;;;;;;;;;;;;;;;;;;;;;;;;;;;;;;;;;;;;;;;;;;;;;;;;;;;;;;;;;;;;;;Paused;;Enabled;;;
801-957-6699;Voorbeeldaccount Stan;;BE Dak Eigen Merk Lokaal [Plaats];;;;;;;;;;;;;;;;;;;;;;;;;;;;;;;;;;;;;;;;;;;;;;;;;;;;;;;;;;;;;9040050;9040050;Lede, Vlaanderen, België;Lede, Vlaanderen, België;City;36000;;;;;;;;Campaign Negative;;;;;;;;;;;;;;;;;;;;;;;;;;;;;;;;;;;;;;;;;;;;;;;;;;;;;;;;;;;;;;;;;;;;;;;;;;;;;;;;;;;;;;Paused;;Enabled;;;
801-957-6699;Voorbeeldaccount Stan;;BE Dak Eigen Merk Lokaal [Plaats];;;;;;;;;;;;;;;;;;;;;;;;;;;;;;;;;;;;;;;;;;;;;;;;;;;;;;;;;;;;;9040065;9040065;Liedekerke, Vlaanderen, België;Liedekerke, Vlaanderen, België;City;20000;;;;;;;;Campaign Negative;;;;;;;;;;;;;;;;;;;;;;;;;;;;;;;;;;;;;;;;;;;;;;;;;;;;;;;;;;;;;;;;;;;;;;;;;;;;;;;;;;;;;;Paused;;Enabled;;;
801-957-6699;Voorbeeldaccount Stan;;BE Dak Eigen Merk Lokaal [Plaats];;;;;;;;;;;;;;;;;;;;;;;;;;;;;;;;;;;;;;;;;;;;;;;;;;;;;;;;;;;;;9040093;9040093;De Haan, Vlaanderen, België;De Haan, Vlaanderen, België;City;76000;;;;;;;;Campaign Negative;;;;;;;;;;;;;;;;;;;;;;;;;;;;;;;;;;;;;;;;;;;;;;;;;;;;;;;;;;;;;;;;;;;;;;;;;;;;;;;;;;;;;;Paused;;Enabled;;;
801-957-6699;Voorbeeldaccount Stan;;BE Dak Eigen Merk Lokaal [Plaats];;;;;;;;;;;;;;;;;;;;;;;;;;;;;;;;;;;;;;;;;;;;;;;;;;;;;;;;;;;;;9040067;9040067;Koekelberg, Brussel, België;Koekelberg, Brussel, België;City;33000;;;;;;;;Campaign Negative;;;;;;;;;;;;;;;;;;;;;;;;;;;;;;;;;;;;;;;;;;;;;;;;;;;;;;;;;;;;;;;;;;;;;;;;;;;;;;;;;;;;;;Paused;;Enabled;;;
801-957-6699;Voorbeeldaccount Stan;;BE Dak Eigen Merk Lokaal [Plaats];;;;;;;;;;;;;;;;;;;;;;;;;;;;;;;;;;;;;;;;;;;;;;;;;;;;;;;;;;;;;20058;20058;Waals-Brabant, Waals Gewest, België;Waals-Brabant, Waals Gewest, België;Province;653000;;;;;;;;Campaign Negative;;;;;;;;;;;;;;;;;;;;;;;;;;;;;;;;;;;;;;;;;;;;;;;;;;;;;;;;;;;;;;;;;;;;;;;;;;;;;;;;;;;;;;Paused;;Enabled;;;
801-957-6699;Voorbeeldaccount Stan;;BE Dak Eigen Merk Lokaal [Plaats];;;;;;;;;;;;;;;;;;;;;;;;;;;;;;;;;;;;;;;;;;;;;;;;;;;;;;;;;;;;;9040078;9040078;Borsbeek, Vlaanderen, België;Borsbeek, Vlaanderen, België;City;18000;;;;;;;;Campaign Negative;;;;;;;;;;;;;;;;;;;;;;;;;;;;;;;;;;;;;;;;;;;;;;;;;;;;;;;;;;;;;;;;;;;;;;;;;;;;;;;;;;;;;;Paused;;Enabled;;;
801-957-6699;Voorbeeldaccount Stan;;BE Dak Eigen Merk Lokaal [Plaats];;;;;;;;;;;;;;;;;;;;;;;;;;;;;;;;;;;;;;;;;;;;;;;;;;;;;;;;;;;;;9040057;9040057;Oudergem, Brussel, België;Oudergem, Brussel, België;City;83000;;;;;;;;Campaign Negative;;;;;;;;;;;;;;;;;;;;;;;;;;;;;;;;;;;;;;;;;;;;;;;;;;;;;;;;;;;;;;;;;;;;;;;;;;;;;;;;;;;;;;Paused;;Enabled;;;
801-957-6699;Voorbeeldaccount Stan;;BE Dak Eigen Merk Lokaal [Plaats];;;;;;;;;;;;;;;;;;;;;;;;;;;;;;;;;;;;;;;;;;;;;;;;;;;;;;;;;;;;;1001133;1001133;Roosdaal, Vlaanderen, België;Roosdaal, Vlaanderen, België;City;15000;;;;;;;;Campaign Negative;;;;;;;;;;;;;;;;;;;;;;;;;;;;;;;;;;;;;;;;;;;;;;;;;;;;;;;;;;;;;;;;;;;;;;;;;;;;;;;;;;;;;;Paused;;Enabled;;;
801-957-6699;Voorbeeldaccount Stan;;BE Dak Eigen Merk Lokaal [Plaats];;;;;;;;;;;;;;;;;;;;;;;;;;;;;;;;;;;;;;;;;;;;;;;;;;;;;;;;;;;;;1001222;1001222;Lokeren, Vlaanderen, België;Lokeren, Vlaanderen, België;City;127000;;;;;;;;Campaign Negative;;;;;;;;;;;;;;;;;;;;;;;;;;;;;;;;;;;;;;;;;;;;;;;;;;;;;;;;;;;;;;;;;;;;;;;;;;;;;;;;;;;;;;Paused;;Enabled;;;
801-957-6699;Voorbeeldaccount Stan;;BE Dak Eigen Merk Lokaal [Plaats];;;;;;;;;;;;;;;;;;;;;;;;;;;;;;;;;;;;;;;;;;;;;;;;;;;;;;;;;;;;;9040076;9040076;Kapelle-op-den-Bos, Vlaanderen, België;Kapelle-op-den-Bos, Vlaanderen, België;City;13000;;;;;;;;Campaign Negative;;;;;;;;;;;;;;;;;;;;;;;;;;;;;;;;;;;;;;;;;;;;;;;;;;;;;;;;;;;;;;;;;;;;;;;;;;;;;;;;;;;;;;Paused;;Enabled;;;
801-957-6699;Voorbeeldaccount Stan;;BE Dak Eigen Merk Lokaal [Plaats];;;;;;;;;;;;;;;;;;;;;;;;;;;;;;;;;;;;;;;;;;;;;;;;;;;;;;;;;;;;;1001196;1001196;Deerlijk, Vlaanderen, België;Deerlijk, Vlaanderen, België;City;27000;;;;;;;;Campaign Negative;;;;;;;;;;;;;;;;;;;;;;;;;;;;;;;;;;;;;;;;;;;;;;;;;;;;;;;;;;;;;;;;;;;;;;;;;;;;;;;;;;;;;;Paused;;Enabled;;;
801-957-6699;Voorbeeldaccount Stan;;BE Dak Eigen Merk Lokaal [Plaats];;;;;;;;;;;;;;;;;;;;;;;;;;;;;;;;;;;;;;;;;;;;;;;;;;;;;;;;;;;;;1001084;1001084;Wijnegem, Vlaanderen, België;Wijnegem, Vlaanderen, België;City;35000;;;;;;;;Campaign Negative;;;;;;;;;;;;;;;;;;;;;;;;;;;;;;;;;;;;;;;;;;;;;;;;;;;;;;;;;;;;;;;;;;;;;;;;;;;;;;;;;;;;;;Paused;;Enabled;;;
801-957-6699;Voorbeeldaccount Stan;;BE Dak Eigen Merk Lokaal [Plaats];;;;;;;;;;;;;;;;;;;;;;;;;;;;;;;;;;;;;;;;;;;;;;;;;;;;;;;;;;;;;2442;2442;Luxemburg;Luxemburg;Country;1140000;;;;;;;;Campaign Negative;;;;;;;;;;;;;;;;;;;;;;;;;;;;;;;;;;;;;;;;;;;;;;;;;;;;;;;;;;;;;;;;;;;;;;;;;;;;;;;;;;;;;;Paused;;Enabled;;;
801-957-6699;Voorbeeldaccount Stan;;BE Dak Eigen Merk Lokaal [Plaats];;;;;;;;;;;;;;;;;;;;;;;;;;;;;;;;;;;;;;;;;;;;;;;;;;;;;;;;;;;;;1001163;1001163;Halen, Vlaanderen, België;Halen, Vlaanderen, België;City;20000;;;;;;;;Campaign Negative;;;;;;;;;;;;;;;;;;;;;;;;;;;;;;;;;;;;;;;;;;;;;;;;;;;;;;;;;;;;;;;;;;;;;;;;;;;;;;;;;;;;;;Paused;;Enabled;;;
801-957-6699;Voorbeeldaccount Stan;;BE Dak Eigen Merk Lokaal [Plaats];;;;;;;;;;;;;;;;;;;;;;;;;;;;;;;;;;;;;;;;;;;;;;;;;;;;;;;;;;;;;9040062;9040062;Affligem, Vlaanderen, België;Affligem, Vlaanderen, België;City;24000;;;;;;;;Campaign Negative;;;;;;;;;;;;;;;;;;;;;;;;;;;;;;;;;;;;;;;;;;;;;;;;;;;;;;;;;;;;;;;;;;;;;;;;;;;;;;;;;;;;;;Paused;;Enabled;;;
801-957-6699;Voorbeeldaccount Stan;;BE Dak Eigen Merk Lokaal [Plaats];;;;;;;;;;;;;;;;;;;;;;;;;;;;;;;;;;;;;;;;;;;;;;;;;;;;;;;;;;;;;1001134;1001134;Rotselaar, Vlaanderen, België;Rotselaar, Vlaanderen, België;City;88000;;;;;;;;Campaign Negative;;;;;;;;;;;;;;;;;;;;;;;;;;;;;;;;;;;;;;;;;;;;;;;;;;;;;;;;;;;;;;;;;;;;;;;;;;;;;;;;;;;;;;Paused;;Enabled;;;
801-957-6699;Voorbeeldaccount Stan;;BE Dak Eigen Merk Lokaal [Plaats];;;;;;;;;;;;;;;;;;;;;;;;;;;;;;;;;;;;;;;;;;;;;;;;;;;;;;;;;;;;;9040046;9040046;Beernem, Vlaanderen, België;Beernem, Vlaanderen, België;City;81000;;;;;;;;Campaign Negative;;;;;;;;;;;;;;;;;;;;;;;;;;;;;;;;;;;;;;;;;;;;;;;;;;;;;;;;;;;;;;;;;;;;;;;;;;;;;;;;;;;;;;Paused;;Enabled;;;
801-957-6699;Voorbeeldaccount Stan;;BE Dak Eigen Merk Lokaal [Plaats];;;;;;;;;;;;;;;;;;;;;;;;;;;;;;;;;;;;;;;;;;;;;;;;;;;;;;;;;;;;;1001393;1001393;Landen, Vlaanderen, België;Landen, Vlaanderen, België;City;42000;;;;;;;;Campaign Negative;;;;;;;;;;;;;;;;;;;;;;;;;;;;;;;;;;;;;;;;;;;;;;;;;;;;;;;;;;;;;;;;;;;;;;;;;;;;;;;;;;;;;;Paused;;Enabled;;;
801-957-6699;Voorbeeldaccount Stan;;BE Dak Eigen Merk Lokaal [Plaats];;;;;;;;;;;;;;;;;;;;;;;;;;;;;;;;;;;;;;;;;;;;;;;;;;;;;;;;;;;;;9040079;9040079;Hove, Vlaanderen, België;Hove, Vlaanderen, België;City;13000;;;;;;;;Campaign Negative;;;;;;;;;;;;;;;;;;;;;;;;;;;;;;;;;;;;;;;;;;;;;;;;;;;;;;;;;;;;;;;;;;;;;;;;;;;;;;;;;;;;;;Paused;;Enabled;;;
801-957-6699;Voorbeeldaccount Stan;;BE Dak Eigen Merk Lokaal [Plaats];;;;;;;;;;;;;;;;;;;;;;;;;;;;;;;;;;;;;;;;;;;;;;;;;;;;;;;;;;;;;1001286;1001286;Poperinge, Vlaanderen, België;Poperinge, Vlaanderen, België;City;53000;;;;;;;;Campaign Negative;;;;;;;;;;;;;;;;;;;;;;;;;;;;;;;;;;;;;;;;;;;;;;;;;;;;;;;;;;;;;;;;;;;;;;;;;;;;;;;;;;;;;;Paused;;Enabled;;;
801-957-6699;Voorbeeldaccount Stan;;BE Dak Eigen Merk Lokaal [Plaats];;;;;;;;;;;;;;;;;;;;;;;;;;;;;;;;;;;;;;;;;;;;;;;;;;;;;;;;;;;;;9040081;9040081;Lint, Vlaanderen, België;Lint, Vlaanderen, België;City;10000;;;;;;;;Campaign Negative;;;;;;;;;;;;;;;;;;;;;;;;;;;;;;;;;;;;;;;;;;;;;;;;;;;;;;;;;;;;;;;;;;;;;;;;;;;;;;;;;;;;;;Paused;;Enabled;;;
801-957-6699;Voorbeeldaccount Stan;;BE Dak Eigen Merk Lokaal [Plaats];;;;;;;;;;;;;;;;;;;;;;;;;;;;;;;;;;;;;;;;;;;;;;;;;;;;;;;;;;;;;1001259;1001259;Brugge, Vlaanderen, België;Brugge, Vlaanderen, België;City;492000;;;;;;;;Campaign Negative;;;;;;;;;;;;;;;;;;;;;;;;;;;;;;;;;;;;;;;;;;;;;;;;;;;;;;;;;;;;;;;;;;;;;;;;;;;;;;;;;;;;;;Paused;;Enabled;;;
801-957-6699;Voorbeeldaccount Stan;;BE Dak Eigen Merk Lokaal [Plaats];;;;;;;;;;;;;;;;;;;;;;;;;;;;;;;;;;;;;;;;;;;;;;;;;;;;;;;;;;;;;1001209;1001209;Geraardsbergen, Vlaanderen, België;Geraardsbergen, Vlaanderen, België;City;55000;;;;;;;;Campaign Negative;;;;;;;;;;;;;;;;;;;;;;;;;;;;;;;;;;;;;;;;;;;;;;;;;;;;;;;;;;;;;;;;;;;;;;;;;;;;;;;;;;;;;;Paused;;Enabled;;;
801-957-6699;Voorbeeldaccount Stan;;BE Dak Eigen Merk Lokaal [Plaats];;;;;;;;;;;;;;;;;;;;;;;;;;;;;;;;;;;;;;;;;;;;;;;;;;;;;;;;;;;;;9040077;9040077;Merchtem, Vlaanderen, België;Merchtem, Vlaanderen, België;City;31000;;;;;;;;Campaign Negative;;;;;;;;;;;;;;;;;;;;;;;;;;;;;;;;;;;;;;;;;;;;;;;;;;;;;;;;;;;;;;;;;;;;;;;;;;;;;;;;;;;;;;Paused;;Enabled;;;
801-957-6699;Voorbeeldaccount Stan;;BE Dak Eigen Merk Lokaal [Plaats];;;;;;;;;;;;;;;;;;;;;;;;;;;;;;;;;;;;;;;;;;;;;;;;;;;;;;;;;;;;;9040007;9040007;Heusden-Zolder, Vlaanderen, België;Heusden-Zolder, Vlaanderen, België;City;81000;;;;;;;;Campaign Negative;;;;;;;;;;;;;;;;;;;;;;;;;;;;;;;;;;;;;;;;;;;;;;;;;;;;;;;;;;;;;;;;;;;;;;;;;;;;;;;;;;;;;;Paused;;Enabled;;;
801-957-6699;Voorbeeldaccount Stan;;BE Dak Eigen Merk Lokaal [Plaats];;;;;;;;;;;;;;;;;;;;;;;;;;;;;;;;;;;;;;;;;;;;;;;;;;;;;;;;;;;;;9047672;9047672;Sankt Vith, Waals Gewest, België;Sankt Vith, Waals Gewest, België;City;27000;;;;;;;;Campaign Negative;;;;;;;;;;;;;;;;;;;;;;;;;;;;;;;;;;;;;;;;;;;;;;;;;;;;;;;;;;;;;;;;;;;;;;;;;;;;;;;;;;;;;;Paused;;Enabled;;;
801-957-6699;Voorbeeldaccount Stan;;BE Dak Eigen Merk Lokaal [Plaats];;;;;;;;;;;;;;;;;;;;;;;;;;;;;;;;;;;;;;;;;;;;;;;;;;;;;;;;;;;;;1001051;1001051;Kalmthout, Vlaanderen, België;Kalmthout, Vlaanderen, België;City;47000;;;;;;;;Campaign Negative;;;;;;;;;;;;;;;;;;;;;;;;;;;;;;;;;;;;;;;;;;;;;;;;;;;;;;;;;;;;;;;;;;;;;;;;;;;;;;;;;;;;;;Paused;;Enabled;;;
801-957-6699;Voorbeeldaccount Stan;;BE Dak Eigen Merk Lokaal [Plaats];;;;;;;;;;;;;;;;;;;;;;;;;;;;;;;;;;;;;;;;;;;;;;;;;;;;;;;;;;;;;1001041;1001041;Essen, Vlaanderen, België;Essen, Vlaanderen, België;City;36000;;;;;;;;Campaign Negative;;;;;;;;;;;;;;;;;;;;;;;;;;;;;;;;;;;;;;;;;;;;;;;;;;;;;;;;;;;;;;;;;;;;;;;;;;;;;;;;;;;;;;Paused;;Enabled;;;
801-957-6699;Voorbeeldaccount Stan;;BE Dak Eigen Merk Lokaal [Plaats];;;;;;;;;;;;;;;;;;;;;;;;;;;;;;;;;;;;;;;;;;;;;;;;;;;;;;;;;;;;;1001143;1001143;Tremelo, Vlaanderen, België;Tremelo, Vlaanderen, België;City;22000;;;;;;;;Campaign Negative;;;;;;;;;;;;;;;;;;;;;;;;;;;;;;;;;;;;;;;;;;;;;;;;;;;;;;;;;;;;;;;;;;;;;;;;;;;;;;;;;;;;;;Paused;;Enabled;;;
801-957-6699;Voorbeeldaccount Stan;;BE Dak Eigen Merk Lokaal [Plaats];;;;;;;;;;;;;;;;;;;;;;;;;;;;;;;;;;;;;;;;;;;;;;;;;;;;;;;;;;;;;2528;2528;Nederland;Nederland;Country;37000000;;;;;;;;Campaign Negative;;;;;;;;;;;;;;;;;;;;;;;;;;;;;;;;;;;;;;;;;;;;;;;;;;;;;;;;;;;;;;;;;;;;;;;;;;;;;;;;;;;;;;Paused;;Enabled;;;
801-957-6699;Voorbeeldaccount Stan;;BE Dak Eigen Merk Lokaal [Plaats];;;;;;;;;;;;;;;;;;;;;;;;;;;;;;;;;;;;;;;;;;;;;;;;;;;;;;;;;;;;;1001032;1001032;Bornem, Vlaanderen, België;Bornem, Vlaanderen, België;City;46000;;;;;;;;Campaign Negative;;;;;;;;;;;;;;;;;;;;;;;;;;;;;;;;;;;;;;;;;;;;;;;;;;;;;;;;;;;;;;;;;;;;;;;;;;;;;;;;;;;;;;Paused;;Enabled;;;
801-957-6699;Voorbeeldaccount Stan;;BE Dak Eigen Merk Lokaal [Plaats];;;;;;;;;;;;;;;;;;;;;;;;;;;;;;;;;;;;;;;;;;;;;;;;;;;;;;;;;;;;;9040013;9040013;Herselt, Vlaanderen, België;Herselt, Vlaanderen, België;City;29000;;;;;;;;Campaign Negative;;;;;;;;;;;;;;;;;;;;;;;;;;;;;;;;;;;;;;;;;;;;;;;;;;;;;;;;;;;;;;;;;;;;;;;;;;;;;;;;;;;;;;Paused;;Enabled;;;
801-957-6699;Voorbeeldaccount Stan;;BE Dak Eigen Merk Lokaal [Plaats];;;;;;;;;;;;;;;;;;;;;;;;;;;;;;;;;;;;;;;;;;;;;;;;;;;;;;;;;;;;;9040018;9040018;Hulshout, Vlaanderen, België;Hulshout, Vlaanderen, België;City;19000;;;;;;;;Campaign Negative;;;;;;;;;;;;;;;;;;;;;;;;;;;;;;;;;;;;;;;;;;;;;;;;;;;;;;;;;;;;;;;;;;;;;;;;;;;;;;;;;;;;;;Paused;;Enabled;;;
801-957-6699;Voorbeeldaccount Stan;;BE Dak Eigen Merk Lokaal [Plaats];;;;;;;;;;;;;;;;;;;;;;;;;;;;;;;;;;;;;;;;;;;;;;;;;;;;;;;;;;;;;1001201;1001201;Eeklo, Vlaanderen, België;Eeklo, Vlaanderen, België;City;51000;;;;;;;;Campaign Negative;;;;;;;;;;;;;;;;;;;;;;;;;;;;;;;;;;;;;;;;;;;;;;;;;;;;;;;;;;;;;;;;;;;;;;;;;;;;;;;;;;;;;;Paused;;Enabled;;;
801-957-6699;Voorbeeldaccount Stan;;BE Dak Eigen Merk Lokaal [Plaats];;;;;;;;;;;;;;;;;;;;;;;;;;;;;;;;;;;;;;;;;;;;;;;;;;;;;;;;;;;;;1001276;1001276;Kuurne, Vlaanderen, België;Kuurne, Vlaanderen, België;City;22000;;;;;;;;Campaign Negative;;;;;;;;;;;;;;;;;;;;;;;;;;;;;;;;;;;;;;;;;;;;;;;;;;;;;;;;;;;;;;;;;;;;;;;;;;;;;;;;;;;;;;Paused;;Enabled;;;
801-957-6699;Voorbeeldaccount Stan;;BE Dak Eigen Merk Lokaal [Plaats];;;;;;;;;;;;;;;;;;;;;;;;;;;;;;;;;;;;;;;;;;;;;;;;;;;;;;;;;;;;;1001228;1001228;Merelbeke, Vlaanderen, België;Merelbeke, Vlaanderen, België;City;69000;;;;;;;;Campaign Negative;;;;;;;;;;;;;;;;;;;;;;;;;;;;;;;;;;;;;;;;;;;;;;;;;;;;;;;;;;;;;;;;;;;;;;;;;;;;;;;;;;;;;;Paused;;Enabled;;;
801-957-6699;Voorbeeldaccount Stan;;BE Dak Eigen Merk Lokaal [Plaats];;;;;;;;;;;;;;;;;;;;;;;;;;;;;;;;;;;;;;;;;;;;;;;;;;;;;;;;;;;;;1001302;1001302;Zedelgem, Vlaanderen, België;Zedelgem, Vlaanderen, België;City;46000;;;;;;;;Campaign Negative;;;;;;;;;;;;;;;;;;;;;;;;;;;;;;;;;;;;;;;;;;;;;;;;;;;;;;;;;;;;;;;;;;;;;;;;;;;;;;;;;;;;;;Paused;;Enabled;;;
801-957-6699;Voorbeeldaccount Stan;;BE Dak Eigen Merk Lokaal [Plaats];;;;;;;;;;;;;;;;;;;;;;;;;;;;;;;;;;;;;;;;;;;;;;;;;;;;;;;;;;;;;1001216;1001216;Kruishoutem, Vlaanderen, België;Kruishoutem, Vlaanderen, België;Municipality;28000;;;;;;;;Campaign Negative;;;;;;;;;;;;;;;;;;;;;;;;;;;;;;;;;;;;;;;;;;;;;;;;;;;;;;;;;;;;;;;;;;;;;;;;;;;;;;;;;;;;;;Paused;;Enabled;;;
801-957-6699;Voorbeeldaccount Stan;;BE Dak Eigen Merk Lokaal [Plaats];;;;;;;;;;;;;;;;;;;;;;;;;;;;;;;;;;;;;;;;;;;;;;;;;;;;;;;;;;;;;1001278;1001278;Meulebeke, Vlaanderen, België;Meulebeke, Vlaanderen, België;City;21000;;;;;;;;Campaign Negative;;;;;;;;;;;;;;;;;;;;;;;;;;;;;;;;;;;;;;;;;;;;;;;;;;;;;;;;;;;;;;;;;;;;;;;;;;;;;;;;;;;;;;Paused;;Enabled;;;
801-957-6699;Voorbeeldaccount Stan;;BE Dak Eigen Merk Lokaal [Plaats];;;;;;;;;;;;;;;;;;;;;;;;;;;;;;;;;;;;;;;;;;;;;;;;;;;;;;;;;;;;;9047664;9047664;Ledegem, Vlaanderen, België;Ledegem, Vlaanderen, België;City;31000;;;;;;;;Campaign Negative;;;;;;;;;;;;;;;;;;;;;;;;;;;;;;;;;;;;;;;;;;;;;;;;;;;;;;;;;;;;;;;;;;;;;;;;;;;;;;;;;;;;;;Paused;;Enabled;;;
801-957-6699;Voorbeeldaccount Stan;;BE Dak Eigen Merk Lokaal [Plaats];;;;;;;;;;;;;;;;;;;;;;;;;;;;;;;;;;;;;;;;;;;;;;;;;;;;;;;;;;;;;1001042;1001042;Geel, Vlaanderen, België;Geel, Vlaanderen, België;City;166000;;;;;;;;Campaign Negative;;;;;;;;;;;;;;;;;;;;;;;;;;;;;;;;;;;;;;;;;;;;;;;;;;;;;;;;;;;;;;;;;;;;;;;;;;;;;;;;;;;;;;Paused;;Enabled;;;
801-957-6699;Voorbeeldaccount Stan;;BE Dak Eigen Merk Lokaal [Plaats];;;;;;;;;;;;;;;;;;;;;;;;;;;;;;;;;;;;;;;;;;;;;;;;;;;;;;;;;;;;;1001199;1001199;Destelbergen, Vlaanderen, België;Destelbergen, Vlaanderen, België;City;37000;;;;;;;;Campaign Negative;;;;;;;;;;;;;;;;;;;;;;;;;;;;;;;;;;;;;;;;;;;;;;;;;;;;;;;;;;;;;;;;;;;;;;;;;;;;;;;;;;;;;;Paused;;Enabled;;;
801-957-6699;Voorbeeldaccount Stan;;BE Dak Eigen Merk Lokaal [Plaats];;;;;;;;;;;;;;;;;;;;;;;;;;;;;;;;;;;;;;;;;;;;;;;;;;;;;;;;;;;;;1001327;1001327;Waterloo, Waals Gewest, België;Waterloo, Waals Gewest, België;City;66000;;;;;;;;Campaign Negative;;;;;;;;;;;;;;;;;;;;;;;;;;;;;;;;;;;;;;;;;;;;;;;;;;;;;;;;;;;;;;;;;;;;;;;;;;;;;;;;;;;;;;Paused;;Enabled;;;
801-957-6699;Voorbeeldaccount Stan;;BE Dak Eigen Merk Lokaal [Plaats];;;;;;;;;;;;;;;;;;;;;;;;;;;;;;;;;;;;;;;;;;;;;;;;;;;;;;;;;;;;;1001356;1001356;Lessen, Waals Gewest, België;Lessen, Waals Gewest, België;City;33000;;;;;;;;Campaign Negative;;;;;;;;;;;;;;;;;;;;;;;;;;;;;;;;;;;;;;;;;;;;;;;;;;;;;;;;;;;;;;;;;;;;;;;;;;;;;;;;;;;;;;Paused;;Enabled;;;
801-957-6699;Voorbeeldaccount Stan;;BE Dak Eigen Merk Lokaal [Plaats];;;;;;;;;;;;;;;;;;;;;;;;;;;;;;;;;;;;;;;;;;;;;;;;;;;;;;;;;;;;;1001237;1001237;Oudenaarde, Vlaanderen, België;Oudenaarde, Vlaanderen, België;City;133000;;;;;;;;Campaign Negative;;;;;;;;;;;;;;;;;;;;;;;;;;;;;;;;;;;;;;;;;;;;;;;;;;;;;;;;;;;;;;;;;;;;;;;;;;;;;;;;;;;;;;Paused;;Enabled;;;
801-957-6699;Voorbeeldaccount Stan;;BE Dak Eigen Merk Lokaal [Plaats];;;;;;;;;;;;;;;;;;;;;;;;;;;;;;;;;;;;;;;;;;;;;;;;;;;;;;;;;;;;;1001315;1001315;Kampenhout, Vlaanderen, België;Kampenhout, Vlaanderen, België;City;24000;;;;;;;;Campaign Negative;;;;;;;;;;;;;;;;;;;;;;;;;;;;;;;;;;;;;;;;;;;;;;;;;;;;;;;;;;;;;;;;;;;;;;;;;;;;;;;;;;;;;;Paused;;Enabled;;;
801-957-6699;Voorbeeldaccount Stan;;BE Dak Eigen Merk Lokaal [Plaats];;;;;;;;;;;;;;;;;;;;;;;;;;;;;;;;;;;;;;;;;;;;;;;;;;;;;;;;;;;;;1001034;1001034;Brasschaat, Vlaanderen, België;Brasschaat, Vlaanderen, België;City;78000;;;;;;;;Campaign Negative;;;;;;;;;;;;;;;;;;;;;;;;;;;;;;;;;;;;;;;;;;;;;;;;;;;;;;;;;;;;;;;;;;;;;;;;;;;;;;;;;;;;;;Paused;;Enabled;;;
801-957-6699;Voorbeeldaccount Stan;;BE Dak Eigen Merk Lokaal [Plaats];;;;;;;;;;;;;;;;;;;;;;;;;;;;;;;;;;;;;;;;;;;;;;;;;;;;;;;;;;;;;1001058;1001058;Malle, Vlaanderen, België;Malle, Vlaanderen, België;City;35000;;;;;;;;Campaign Negative;;;;;;;;;;;;;;;;;;;;;;;;;;;;;;;;;;;;;;;;;;;;;;;;;;;;;;;;;;;;;;;;;;;;;;;;;;;;;;;;;;;;;;Paused;;Enabled;;;
801-957-6699;Voorbeeldaccount Stan;;BE Dak Eigen Merk Lokaal [Plaats];;;;;;;;;;;;;;;;;;;;;;;;;;;;;;;;;;;;;;;;;;;;;;;;;;;;;;;;;;;;;1001198;1001198;Dendermonde, Vlaanderen, België;Dendermonde, Vlaanderen, België;City;102000;;;;;;;;Campaign Negative;;;;;;;;;;;;;;;;;;;;;;;;;;;;;;;;;;;;;;;;;;;;;;;;;;;;;;;;;;;;;;;;;;;;;;;;;;;;;;;;;;;;;;Paused;;Enabled;;;
801-957-6699;Voorbeeldaccount Stan;;BE Dak Eigen Merk Lokaal [Plaats];;;;;;;;;;;;;;;;;;;;;;;;;;;;;;;;;;;;;;;;;;;;;;;;;;;;;;;;;;;;;9040071;9040071;Beersel, Vlaanderen, België;Beersel, Vlaanderen, België;City;58000;;;;;;;;Campaign Negative;;;;;;;;;;;;;;;;;;;;;;;;;;;;;;;;;;;;;;;;;;;;;;;;;;;;;;;;;;;;;;;;;;;;;;;;;;;;;;;;;;;;;;Paused;;Enabled;;;
801-957-6699;Voorbeeldaccount Stan;;BE Dak Eigen Merk Lokaal [Plaats];;;;;;;;;;;;;;;;;;;;;;;;;;;;;;;;;;;;;;;;;;;;;;;;;;;;;;;;;;;;;1001116;1001116;Kortenberg, Vlaanderen, België;Kortenberg, Vlaanderen, België;City;52000;;;;;;;;Campaign Negative;;;;;;;;;;;;;;;;;;;;;;;;;;;;;;;;;;;;;;;;;;;;;;;;;;;;;;;;;;;;;;;;;;;;;;;;;;;;;;;;;;;;;;Paused;;Enabled;;;
801-957-6699;Voorbeeldaccount Stan;;BE Dak Eigen Merk Lokaal [Plaats];;;;;;;;;;;;;;;;;;;;;;;;;;;;;;;;;;;;;;;;;;;;;;;;;;;;;;;;;;;;;9040048;9040048;Zomergem, Vlaanderen, België;Zomergem, Vlaanderen, België;City;12000;;;;;;;;Campaign Negative;;;;;;;;;;;;;;;;;;;;;;;;;;;;;;;;;;;;;;;;;;;;;;;;;;;;;;;;;;;;;;;;;;;;;;;;;;;;;;;;;;;;;;Paused;;Enabled;;;
801-957-6699;Voorbeeldaccount Stan;;BE Dak Eigen Merk Lokaal [Plaats];;;;;;;;;;;;;;;;;;;;;;;;;;;;;;;;;;;;;;;;;;;;;;;;;;;;;;;;;;;;;1001138;1001138;Steenokkerzeel, Vlaanderen, België;Steenokkerzeel, Vlaanderen, België;City;99000;;;;;;;;Campaign Negative;;;;;;;;;;;;;;;;;;;;;;;;;;;;;;;;;;;;;;;;;;;;;;;;;;;;;;;;;;;;;;;;;;;;;;;;;;;;;;;;;;;;;;Paused;;Enabled;;;
801-957-6699;Voorbeeldaccount Stan;;BE Dak Eigen Merk Lokaal [Plaats];;;;;;;;;;;;;;;;;;;;;;;;;;;;;;;;;;;;;;;;;;;;;;;;;;;;;;;;;;;;;1001070;1001070;Rijkevorsel, Vlaanderen, België;Rijkevorsel, Vlaanderen, België;City;28000;;;;;;;;Campaign Negative;;;;;;;;;;;;;;;;;;;;;;;;;;;;;;;;;;;;;;;;;;;;;;;;;;;;;;;;;;;;;;;;;;;;;;;;;;;;;;;;;;;;;;Paused;;Enabled;;;
801-957-6699;Voorbeeldaccount Stan;;BE Dak Eigen Merk Lokaal [Plaats];;;;;;;;;;;;;;;;;;;;;;;;;;;;;;;;;;;;;;;;;;;;;;;;;;;;;;;;;;;;;1001242;1001242;Sint-Niklaas, Vlaanderen, België;Sint-Niklaas, Vlaanderen, België;City;227000;;;;;;;;Campaign Negative;;;;;;;;;;;;;;;;;;;;;;;;;;;;;;;;;;;;;;;;;;;;;;;;;;;;;;;;;;;;;;;;;;;;;;;;;;;;;;;;;;;;;;Paused;;Enabled;;;
801-957-6699;Voorbeeldaccount Stan;;BE Dak Eigen Merk Lokaal [Plaats];;;;;;;;;;;;;;;;;;;;;;;;;;;;;;;;;;;;;;;;;;;;;;;;;;;;;;;;;;;;;9040052;9040052;Berlare, Vlaanderen, België;Berlare, Vlaanderen, België;City;30000;;;;;;;;Campaign Negative;;;;;;;;;;;;;;;;;;;;;;;;;;;;;;;;;;;;;;;;;;;;;;;;;;;;;;;;;;;;;;;;;;;;;;;;;;;;;;;;;;;;;;Paused;;Enabled;;;
801-957-6699;Voorbeeldaccount Stan;;BE Dak Eigen Merk Lokaal [Plaats];;;;;;;;;;;;;;;;;;;;;;;;;;;;;;;;;;;;;;;;;;;;;;;;;;;;;;;;;;;;;9047661;9047661;Houthulst, Vlaanderen, België;Houthulst, Vlaanderen, België;City;16000;;;;;;;;Campaign Negative;;;;;;;;;;;;;;;;;;;;;;;;;;;;;;;;;;;;;;;;;;;;;;;;;;;;;;;;;;;;;;;;;;;;;;;;;;;;;;;;;;;;;;Paused;;Enabled;;;
801-957-6699;Voorbeeldaccount Stan;;BE Dak Eigen Merk Lokaal [Plaats];;;;;;;;;;;;;;;;;;;;;;;;;;;;;;;;;;;;;;;;;;;;;;;;;;;;;;;;;;;;;9040059;9040059;Herne, Vlaanderen, België;Herne, Vlaanderen, België;City;12000;;;;;;;;Campaign Negative;;;;;;;;;;;;;;;;;;;;;;;;;;;;;;;;;;;;;;;;;;;;;;;;;;;;;;;;;;;;;;;;;;;;;;;;;;;;;;;;;;;;;;Paused;;Enabled;;;
801-957-6699;Voorbeeldaccount Stan;;BE Dak Eigen Merk Lokaal [Plaats];;;;;;;;;;;;;;;;;;;;;;;;;;;;;;;;;;;;;;;;;;;;;;;;;;;;;;;;;;;;;20061;20061;Luxemburg, Waals Gewest, België;Luxemburg, Waals Gewest, België;Province;622000;;;;;;;;Campaign Negative;;;;;;;;;;;;;;;;;;;;;;;;;;;;;;;;;;;;;;;;;;;;;;;;;;;;;;;;;;;;;;;;;;;;;;;;;;;;;;;;;;;;;;Paused;;Enabled;;;
801-957-6699;Voorbeeldaccount Stan;;BE Dak Eigen Merk Lokaal [Plaats];;;;;;;;;;;;;;;;;;;;;;;;;;;;;;;;;;;;;;;;;;;;;;;;;;;;;;;;;;;;;1001112;1001112;Keerbergen, Vlaanderen, België;Keerbergen, Vlaanderen, België;City;18000;;;;;;;;Campaign Negative;;;;;;;;;;;;;;;;;;;;;;;;;;;;;;;;;;;;;;;;;;;;;;;;;;;;;;;;;;;;;;;;;;;;;;;;;;;;;;;;;;;;;;Paused;;Enabled;;;
801-957-6699;Voorbeeldaccount Stan;;BE Dak Eigen Merk Lokaal [Plaats];;;;;;;;;;;;;;;;;;;;;;;;;;;;;;;;;;;;;;;;;;;;;;;;;;;;;;;;;;;;;1001078;1001078;Stabroek, Vlaanderen, België;Stabroek, Vlaanderen, België;City;35000;;;;;;;;Campaign Negative;;;;;;;;;;;;;;;;;;;;;;;;;;;;;;;;;;;;;;;;;;;;;;;;;;;;;;;;;;;;;;;;;;;;;;;;;;;;;;;;;;;;;;Paused;;Enabled;;;
801-957-6699;Voorbeeldaccount Stan;;BE Dak Eigen Merk Lokaal [Plaats];;;;;;;;;;;;;;;;;;;;;;;;;;;;;;;;;;;;;;;;;;;;;;;;;;;;;;;;;;;;;1001059;1001059;Mechelen, Vlaanderen, België;Mechelen, Vlaanderen, België;City;362000;;;;;;;;Campaign Negative;;;;;;;;;;;;;;;;;;;;;;;;;;;;;;;;;;;;;;;;;;;;;;;;;;;;;;;;;;;;;;;;;;;;;;;;;;;;;;;;;;;;;;Paused;;Enabled;;;
801-957-6699;Voorbeeldaccount Stan;;BE Dak Eigen Merk Lokaal [Plaats];;;;;;;;;;;;;;;;;;;;;;;;;;;;;;;;;;;;;;;;;;;;;;;;;;;;;;;;;;;;;9040017;9040017;Berlaar, Vlaanderen, België;Berlaar, Vlaanderen, België;City;24000;;;;;;;;Campaign Negative;;;;;;;;;;;;;;;;;;;;;;;;;;;;;;;;;;;;;;;;;;;;;;;;;;;;;;;;;;;;;;;;;;;;;;;;;;;;;;;;;;;;;;Paused;;Enabled;;;
801-957-6699;Voorbeeldaccount Stan;;BE Dak Eigen Merk Lokaal [Plaats];;;;;;;;;;;;;;;;;;;;;;;;;;;;;;;;;;;;;;;;;;;;;;;;;;;;;;;;;;;;;1001140;1001140;Ternat, Vlaanderen, België;Ternat, Vlaanderen, België;City;70000;;;;;;;;Campaign Negative;;;;;;;;;;;;;;;;;;;;;;;;;;;;;;;;;;;;;;;;;;;;;;;;;;;;;;;;;;;;;;;;;;;;;;;;;;;;;;;;;;;;;;Paused;;Enabled;;;
801-957-6699;Voorbeeldaccount Stan;;BE Dak Eigen Merk Lokaal [Plaats];;;;;;;;;;;;;;;;;;;;;;;;;;;;;;;;;;;;;;;;;;;;;;;;;;;;;;;;;;;;;1001125;1001125;Meise, Vlaanderen, België;Meise, Vlaanderen, België;City;50000;;;;;;;;Campaign Negative;;;;;;;;;;;;;;;;;;;;;;;;;;;;;;;;;;;;;;;;;;;;;;;;;;;;;;;;;;;;;;;;;;;;;;;;;;;;;;;;;;;;;;Paused;;Enabled;;;
801-957-6699;Voorbeeldaccount Stan;;BE Dak Eigen Merk Lokaal [Plaats];;;;;;;;;;;;;;;;;;;;;;;;;;;;;;;;;;;;;;;;;;;;;;;;;;;;;;;;;;;;;1001009;1001009;Hoeilaart, Vlaanderen, België;Hoeilaart, Vlaanderen, België;City;25000;;;;;;;;Campaign Negative;;;;;;;;;;;;;;;;;;;;;;;;;;;;;;;;;;;;;;;;;;;;;;;;;;;;;;;;;;;;;;;;;;;;;;;;;;;;;;;;;;;;;;Paused;;Enabled;;;
801-957-6699;Voorbeeldaccount Stan;;BE Dak Eigen Merk Lokaal [Plaats];;;;;;;;;;;;;;;;;;;;;;;;;;;;;;;;;;;;;;;;;;;;;;;;;;;;;;;;;;;;;1001019;1001019;Wezembeek-Oppem, Vlaanderen, België;Wezembeek-Oppem, Vlaanderen, België;City;23000;;;;;;;;Campaign Negative;;;;;;;;;;;;;;;;;;;;;;;;;;;;;;;;;;;;;;;;;;;;;;;;;;;;;;;;;;;;;;;;;;;;;;;;;;;;;;;;;;;;;;Paused;;Enabled;;;
801-957-6699;Voorbeeldaccount Stan;;BE Dak Eigen Merk Lokaal [Plaats];;;;;;;;;;;;;;;;;;;;;;;;;;;;;;;;;;;;;;;;;;;;;;;;;;;;;;;;;;;;;20055;20055;Limburg, Vlaanderen, België;Limburg, Vlaanderen, België;Province;1480000;;;;;;;;Campaign Negative;;;;;;;;;;;;;;;;;;;;;;;;;;;;;;;;;;;;;;;;;;;;;;;;;;;;;;;;;;;;;;;;;;;;;;;;;;;;;;;;;;;;;;Paused;;Enabled;;;
801-957-6699;Voorbeeldaccount Stan;;BE Dak Eigen Merk Lokaal [Plaats];;;;;;;;;;;;;;;;;;;;;;;;;;;;;;;;;;;;;;;;;;;;;;;;;;;;;;;;;;;;;1001026;1001026;Beerse, Vlaanderen, België;Beerse, Vlaanderen, België;City;41000;;;;;;;;Campaign Negative;;;;;;;;;;;;;;;;;;;;;;;;;;;;;;;;;;;;;;;;;;;;;;;;;;;;;;;;;;;;;;;;;;;;;;;;;;;;;;;;;;;;;;Paused;;Enabled;;;
801-957-6699;Voorbeeldaccount Stan;;BE Dak Eigen Merk Lokaal [Plaats];;;;;;;;;;;;;;;;;;;;;;;;;;;;;;;;;;;;;;;;;;;;;;;;;;;;;;;;;;;;;1001183;1001183;Tessenderlo, Vlaanderen, België;Tessenderlo, Vlaanderen, België;City;59000;;;;;;;;Campaign Negative;;;;;;;;;;;;;;;;;;;;;;;;;;;;;;;;;;;;;;;;;;;;;;;;;;;;;;;;;;;;;;;;;;;;;;;;;;;;;;;;;;;;;;Paused;;Enabled;;;
801-957-6699;Voorbeeldaccount Stan;;BE Dak Eigen Merk Lokaal [Plaats];;;;;;;;;;;;;;;;;;;;;;;;;;;;;;;;;;;;;;;;;;;;;;;;;;;;;;;;;;;;;9040064;9040064;Ganshoren, Brussel, België;Ganshoren, Brussel, België;City;24000;;;;;;;;Campaign Negative;;;;;;;;;;;;;;;;;;;;;;;;;;;;;;;;;;;;;;;;;;;;;;;;;;;;;;;;;;;;;;;;;;;;;;;;;;;;;;;;;;;;;;Paused;;Enabled;;;
801-957-6699;Voorbeeldaccount Stan;;BE Dak Eigen Merk Lokaal [Plaats];;;;;;;;;;;;;;;;;;;;;;;;;;;;;;;;;;;;;;;;;;;;;;;;;;;;;;;;;;;;;1001297;1001297;Waregem, Vlaanderen, België;Waregem, Vlaanderen, België;City;99000;;;;;;;;Campaign Negative;;;;;;;;;;;;;;;;;;;;;;;;;;;;;;;;;;;;;;;;;;;;;;;;;;;;;;;;;;;;;;;;;;;;;;;;;;;;;;;;;;;;;;Paused;;Enabled;;;
801-957-6699;Voorbeeldaccount Stan;;BE Dak Eigen Merk Lokaal [Plaats];;;;;;;;;;;;;;;;;;;;;;;;;;;;;;;;;;;;;;;;;;;;;;;;;;;;;;;;;;;;;9047669;9047669;Onze-Lieve-Vrouw-Waver, Vlaanderen, België;Onze-Lieve-Vrouw-Waver, Vlaanderen, België;City;10000;;;;;;;;Campaign Negative;;;;;;;;;;;;;;;;;;;;;;;;;;;;;;;;;;;;;;;;;;;;;;;;;;;;;;;;;;;;;;;;;;;;;;;;;;;;;;;;;;;;;;Paused;;Enabled;;;
801-957-6699;Voorbeeldaccount Stan;;BE Dak Eigen Merk Lokaal [Plaats];;;;;;;;;;;;;;;;;;;;;;;;;;;;;;;;;;;;;;;;;;;;;;;;;;;;;;;;;;;;;9040073;9040073;Watermaal-Bosvoorde, Brussel, België;Watermaal-Bosvoorde, Brussel, België;City;43000;;;;;;;;Campaign Negative;;;;;;;;;;;;;;;;;;;;;;;;;;;;;;;;;;;;;;;;;;;;;;;;;;;;;;;;;;;;;;;;;;;;;;;;;;;;;;;;;;;;;;Paused;;Enabled;;;
801-957-6699;Voorbeeldaccount Stan;;BE Dak Eigen Merk Lokaal [Plaats];;;;;;;;;;;;;;;;;;;;;;;;;;;;;;;;;;;;;;;;;;;;;;;;;;;;;;;;;;;;;9040088;9040088;Oud-Turnhout, Vlaanderen, België;Oud-Turnhout, Vlaanderen, België;City;39000;;;;;;;;Campaign Negative;;;;;;;;;;;;;;;;;;;;;;;;;;;;;;;;;;;;;;;;;;;;;;;;;;;;;;;;;;;;;;;;;;;;;;;;;;;;;;;;;;;;;;Paused;;Enabled;;;
801-957-6699;Voorbeeldaccount Stan;;BE Dak Eigen Merk Lokaal [Plaats];;;;;;;;;;;;;;;;;;;;;;;;;;;;;;;;;;;;;;;;;;;;;;;;;;;;;;;;;;;;;9040092;9040092;Bredene, Vlaanderen, België;Bredene, Vlaanderen, België;City;55000;;;;;;;;Campaign Negative;;;;;;;;;;;;;;;;;;;;;;;;;;;;;;;;;;;;;;;;;;;;;;;;;;;;;;;;;;;;;;;;;;;;;;;;;;;;;;;;;;;;;;Paused;;Enabled;;;
801-957-6699;Voorbeeldaccount Stan;;BE Dak Eigen Merk Lokaal [Plaats];;;;;;;;;;;;;;;;;;;;;;;;;;;;;;;;;;;;;;;;;;;;;;;;;;;;;;;;;;;;;9040041;9040041;Zulte, Vlaanderen, België;Zulte, Vlaanderen, België;City;27000;;;;;;;;Campaign Negative;;;;;;;;;;;;;;;;;;;;;;;;;;;;;;;;;;;;;;;;;;;;;;;;;;;;;;;;;;;;;;;;;;;;;;;;;;;;;;;;;;;;;;Paused;;Enabled;;;
801-957-6699;Voorbeeldaccount Stan;;BE Dak Eigen Merk Lokaal [Plaats];;;;;;;;;;;;;;;;;;;;;;;;;;;;;;;;;;;;;;;;;;;;;;;;;;;;;;;;;;;;;1001308;1001308;Eigenbrakel, Waals Gewest, België;Eigenbrakel, Waals Gewest, België;City;94000;;;;;;;;Campaign Negative;;;;;;;;;;;;;;;;;;;;;;;;;;;;;;;;;;;;;;;;;;;;;;;;;;;;;;;;;;;;;;;;;;;;;;;;;;;;;;;;;;;;;;Paused;;Enabled;;;
801-957-6699;Voorbeeldaccount Stan;;BE Dak Eigen Merk Lokaal [Plaats];;;;;;;;;;;;;;;;;;;;;;;;;;;;;;;;;;;;;;;;;;;;;;;;;;;;;;;;;;;;;1001136;1001136;Sint-Pieters-Leeuw, Vlaanderen, België;Sint-Pieters-Leeuw, Vlaanderen, België;City;74000;;;;;;;;Campaign Negative;;;;;;;;;;;;;;;;;;;;;;;;;;;;;;;;;;;;;;;;;;;;;;;;;;;;;;;;;;;;;;;;;;;;;;;;;;;;;;;;;;;;;;Paused;;Enabled;;;
801-957-6699;Voorbeeldaccount Stan;;BE Dak Eigen Merk Lokaal [Plaats];;;;;;;;;;;;;;;;;;;;;;;;;;;;;;;;;;;;;;;;;;;;;;;;;;;;;;;;;;;;;1001105;1001105;Haacht, Vlaanderen, België;Haacht, Vlaanderen, België;City;38000;;;;;;;;Campaign Negative;;;;;;;;;;;;;;;;;;;;;;;;;;;;;;;;;;;;;;;;;;;;;;;;;;;;;;;;;;;;;;;;;;;;;;;;;;;;;;;;;;;;;;Paused;;Enabled;;;
801-957-6699;Voorbeeldaccount Stan;;BE Dak Eigen Merk Lokaal [Plaats];;;;;;;;;;;;;;;;;;;;;;;;;;;;;;;;;;;;;;;;;;;;;;;;;;;;;;;;;;;;;1001123;1001123;Machelen, Vlaanderen, België;Machelen, Vlaanderen, België;City;74000;;;;;;;;Campaign Negative;;;;;;;;;;;;;;;;;;;;;;;;;;;;;;;;;;;;;;;;;;;;;;;;;;;;;;;;;;;;;;;;;;;;;;;;;;;;;;;;;;;;;;Paused;;Enabled;;;
801-957-6699;Voorbeeldaccount Stan;;BE Dak Eigen Merk Lokaal [Plaats];;;;;;;;;;;;;;;;;;;;;;;;;;;;;;;;;;;;;;;;;;;;;;;;;;;;;;;;;;;;;1001049;1001049;Hoogstraten, Vlaanderen, België;Hoogstraten, Vlaanderen, België;City;66000;;;;;;;;Campaign Negative;;;;;;;;;;;;;;;;;;;;;;;;;;;;;;;;;;;;;;;;;;;;;;;;;;;;;;;;;;;;;;;;;;;;;;;;;;;;;;;;;;;;;;Paused;;Enabled;;;
801-957-6699;Voorbeeldaccount Stan;;BE Dak Eigen Merk Lokaal [Plaats];;;;;;;;;;;;;;;;;;;;;;;;;;;;;;;;;;;;;;;;;;;;;;;;;;;;;;;;;;;;;9040019;9040019;Scherpenheuvel-Zichem, Vlaanderen, België;Scherpenheuvel-Zichem, Vlaanderen, België;City;43000;;;;;;;;Campaign Negative;;;;;;;;;;;;;;;;;;;;;;;;;;;;;;;;;;;;;;;;;;;;;;;;;;;;;;;;;;;;;;;;;;;;;;;;;;;;;;;;;;;;;;Paused;;Enabled;;;
801-957-6699;Voorbeeldaccount Stan;;BE Dak Eigen Merk Lokaal [Plaats];;;;;;;;;;;;;;;;;;;;;;;;;;;;;;;;;;;;;;;;;;;;;;;;;;;;;;;;;;;;;9040047;9040047;Knesselare, Vlaanderen, België;Knesselare, Vlaanderen, België;City;8000;;;;;;;;Campaign Negative;;;;;;;;;;;;;;;;;;;;;;;;;;;;;;;;;;;;;;;;;;;;;;;;;;;;;;;;;;;;;;;;;;;;;;;;;;;;;;;;;;;;;;Paused;;Enabled;;;
801-957-6699;Voorbeeldaccount Stan;;BE Dak Eigen Merk Lokaal [Plaats];;;;;;;;;;;;;;;;;;;;;;;;;;;;;;;;;;;;;;;;;;;;;;;;;;;;;;;;;;;;;1001283;1001283;Oostkamp, Vlaanderen, België;Oostkamp, Vlaanderen, België;City;70000;;;;;;;;Campaign Negative;;;;;;;;;;;;;;;;;;;;;;;;;;;;;;;;;;;;;;;;;;;;;;;;;;;;;;;;;;;;;;;;;;;;;;;;;;;;;;;;;;;;;;Paused;;Enabled;;;
801-957-6699;Voorbeeldaccount Stan;;BE Dak Eigen Merk Lokaal [Plaats];;;;;;;;;;;;;;;;;;;;;;;;;;;;;;;;;;;;;;;;;;;;;;;;;;;;;;;;;;;;;9047655;9047655;Erpe-Mere, Vlaanderen, België;Erpe-Mere, Vlaanderen, België;City;36000;;;;;;;;Campaign Negative;;;;;;;;;;;;;;;;;;;;;;;;;;;;;;;;;;;;;;;;;;;;;;;;;;;;;;;;;;;;;;;;;;;;;;;;;;;;;;;;;;;;;;Paused;;Enabled;;;
801-957-6699;Voorbeeldaccount Stan;;BE Dak Eigen Merk Lokaal [Plaats];;;;;;;;;;;;;;;;;;;;;;;;;;;;;;;;;;;;;;;;;;;;;;;;;;;;;;;;;;;;;9040072;9040072;Huldenberg, Vlaanderen, België;Huldenberg, Vlaanderen, België;City;14000;;;;;;;;Campaign Negative;;;;;;;;;;;;;;;;;;;;;;;;;;;;;;;;;;;;;;;;;;;;;;;;;;;;;;;;;;;;;;;;;;;;;;;;;;;;;;;;;;;;;;Paused;;Enabled;;;
801-957-6699;Voorbeeldaccount Stan;;BE Dak Eigen Merk Lokaal [Plaats];;;;;;;;;;;;;;;;;;;;;;;;;;;;;;;;;;;;;;;;;;;;;;;;;;;;;;;;;;;;;1001223;1001223;Lovendegem, Vlaanderen, België;Lovendegem, Vlaanderen, België;City;19000;;;;;;;;Campaign Negative;;;;;;;;;;;;;;;;;;;;;;;;;;;;;;;;;;;;;;;;;;;;;;;;;;;;;;;;;;;;;;;;;;;;;;;;;;;;;;;;;;;;;;Paused;;Enabled;;;
801-957-6699;Voorbeeldaccount Stan;;BE Dak Eigen Merk Lokaal [Plaats];;;;;;;;;;;;;;;;;;;;;;;;;;;;;;;;;;;;;;;;;;;;;;;;;;;;;;;;;;;;;9040094;9040094;Oudenburg, Vlaanderen, België;Oudenburg, Vlaanderen, België;City;25000;;;;;;;;Campaign Negative;;;;;;;;;;;;;;;;;;;;;;;;;;;;;;;;;;;;;;;;;;;;;;;;;;;;;;;;;;;;;;;;;;;;;;;;;;;;;;;;;;;;;;Paused;;Enabled;;;
801-957-6699;Voorbeeldaccount Stan;;BE Dak Eigen Merk Lokaal [Plaats];;;;;;;;;;;;;;;;;;;;;;;;;;;;;;;;;;;;;;;;;;;;;;;;;;;;;;;;;;;;;1001247;1001247;Waarschoot, Vlaanderen, België;Waarschoot, Vlaanderen, België;City;17000;;;;;;;;Campaign Negative;;;;;;;;;;;;;;;;;;;;;;;;;;;;;;;;;;;;;;;;;;;;;;;;;;;;;;;;;;;;;;;;;;;;;;;;;;;;;;;;;;;;;;Paused;;Enabled;;;
801-957-6699;Voorbeeldaccount Stan;;BE Dak Eigen Merk Lokaal [Plaats];;;;;;;;;;;;;;;;;;;;;;;;;;;;;;;;;;;;;;;;;;;;;;;;;;;;;;;;;;;;;1001091;1001091;Aarschot, Vlaanderen, België;Aarschot, Vlaanderen, België;City;85000;;;;;;;;Campaign Negative;;;;;;;;;;;;;;;;;;;;;;;;;;;;;;;;;;;;;;;;;;;;;;;;;;;;;;;;;;;;;;;;;;;;;;;;;;;;;;;;;;;;;;Paused;;Enabled;;;
801-957-6699;Voorbeeldaccount Stan;;BE Dak Eigen Merk Lokaal [Plaats];;;;;;;;;;;;;;;;;;;;;;;;;;;;;;;;;;;;;;;;;;;;;;;;;;;;;;;;;;;;;1001206;1001206;Evergem, Vlaanderen, België;Evergem, Vlaanderen, België;City;99000;;;;;;;;Campaign Negative;;;;;;;;;;;;;;;;;;;;;;;;;;;;;;;;;;;;;;;;;;;;;;;;;;;;;;;;;;;;;;;;;;;;;;;;;;;;;;;;;;;;;;Paused;;Enabled;;;
801-957-6699;Voorbeeldaccount Stan;;BE Dak Eigen Merk Lokaal [Plaats];;;;;;;;;;;;;;;;;;;;;;;;;;;;;;;;;;;;;;;;;;;;;;;;;;;;;;;;;;;;;1001197;1001197;Deinze, Vlaanderen, België;Deinze, Vlaanderen, België;City;108000;;;;;;;;Campaign Negative;;;;;;;;;;;;;;;;;;;;;;;;;;;;;;;;;;;;;;;;;;;;;;;;;;;;;;;;;;;;;;;;;;;;;;;;;;;;;;;;;;;;;;Paused;;Enabled;;;
801-957-6699;Voorbeeldaccount Stan;;BE Dak Eigen Merk Lokaal [Plaats];;;;;;;;;;;;;;;;;;;;;;;;;;;;;;;;;;;;;;;;;;;;;;;;;;;;;;;;;;;;;1001122;1001122;Lubbeek, Vlaanderen, België;Lubbeek, Vlaanderen, België;City;27000;;;;;;;;Campaign Negative;;;;;;;;;;;;;;;;;;;;;;;;;;;;;;;;;;;;;;;;;;;;;;;;;;;;;;;;;;;;;;;;;;;;;;;;;;;;;;;;;;;;;;Paused;;Enabled;;;
801-957-6699;Voorbeeldaccount Stan;;BE Dak Eigen Merk Lokaal [Plaats];;;;;;;;;;;;;;;;;;;;;;;;;;;;;;;;;;;;;;;;;;;;;;;;;;;;;;;;;;;;;1001236;1001236;Oosterzele, Vlaanderen, België;Oosterzele, Vlaanderen, België;City;23000;;;;;;;;Campaign Negative;;;;;;;;;;;;;;;;;;;;;;;;;;;;;;;;;;;;;;;;;;;;;;;;;;;;;;;;;;;;;;;;;;;;;;;;;;;;;;;;;;;;;;Paused;;Enabled;;;
801-957-6699;Voorbeeldaccount Stan;;BE Dak Eigen Merk Lokaal [Plaats];;;;;;;;;;;;;;;;;;;;;;;;;;;;;;;;;;;;;;;;;;;;;;;;;;;;;;;;;;;;;9040056;9040056;Haaltert, Vlaanderen, België;Haaltert, Vlaanderen, België;City;33000;;;;;;;;Campaign Negative;;;;;;;;;;;;;;;;;;;;;;;;;;;;;;;;;;;;;;;;;;;;;;;;;;;;;;;;;;;;;;;;;;;;;;;;;;;;;;;;;;;;;;Paused;;Enabled;;;
801-957-6699;Voorbeeldaccount Stan;;BE Dak Eigen Merk Lokaal [Plaats];;;;;;;;;;;;;;;;;;;;;;;;;;;;;;;;;;;;;;;;;;;;;;;;;;;;;;;;;;;;;1001254;1001254;Zottegem, Vlaanderen, België;Zottegem, Vlaanderen, België;City;59000;;;;;;;;Campaign Negative;;;;;;;;;;;;;;;;;;;;;;;;;;;;;;;;;;;;;;;;;;;;;;;;;;;;;;;;;;;;;;;;;;;;;;;;;;;;;;;;;;;;;;Paused;;Enabled;;;
801-957-6699;Voorbeeldaccount Stan;;BE Dak Eigen Merk Lokaal [Plaats];;;;;;;;;;;;;;;;;;;;;;;;;;;;;;;;;;;;;;;;;;;;;;;;;;;;;;;;;;;;;1001030;1001030;Boom, Vlaanderen, België;Boom, Vlaanderen, België;City;83000;;;;;;;;Campaign Negative;;;;;;;;;;;;;;;;;;;;;;;;;;;;;;;;;;;;;;;;;;;;;;;;;;;;;;;;;;;;;;;;;;;;;;;;;;;;;;;;;;;;;;Paused;;Enabled;;;
801-957-6699;Voorbeeldaccount Stan;;BE Dak Eigen Merk Lokaal [Plaats];;;;;;;;;;;;;;;;;;;;;;;;;;;;;;;;;;;;;;;;;;;;;;;;;;;;;;;;;;;;;20062;20062;Namen, Waals Gewest, België;Namen, Waals Gewest, België;Province;818000;;;;;;;;Campaign Negative;;;;;;;;;;;;;;;;;;;;;;;;;;;;;;;;;;;;;;;;;;;;;;;;;;;;;;;;;;;;;;;;;;;;;;;;;;;;;;;;;;;;;;Paused;;Enabled;;;
801-957-6699;Voorbeeldaccount Stan;;BE Dak Eigen Merk Lokaal [Plaats];;;;;;;;;;;;;;;;;;;;;;;;;;;;;;;;;;;;;;;;;;;;;;;;;;;;;;;;;;;;;2250;2250;Frankrijk;Frankrijk;Country;73300000;;;;;;;;Campaign Negative;;;;;;;;;;;;;;;;;;;;;;;;;;;;;;;;;;;;;;;;;;;;;;;;;;;;;;;;;;;;;;;;;;;;;;;;;;;;;;;;;;;;;;Paused;;Enabled;;;
801-957-6699;Voorbeeldaccount Stan;;BE Dak Eigen Merk Lokaal [Plaats];;;;;;;;;;;;;;;;;;;;;;;;;;;;;;;;;;;;;;;;;;;;;;;;;;;;;;;;;;;;;9040075;9040075;Zemst, Vlaanderen, België;Zemst, Vlaanderen, België;City;45000;;;;;;;;Campaign Negative;;;;;;;;;;;;;;;;;;;;;;;;;;;;;;;;;;;;;;;;;;;;;;;;;;;;;;;;;;;;;;;;;;;;;;;;;;;;;;;;;;;;;;Paused;;Enabled;;;
801-957-6699;Voorbeeldaccount Stan;;BE Dak Eigen Merk Lokaal [Plaats];;;;;;;;;;;;;;;;;;;;;;;;;;;;;;;;;;;;;;;;;;;;;;;;;;;;;;;;;;;;;9040095;9040095;Ichtegem, Vlaanderen, België;Ichtegem, Vlaanderen, België;City;31000;;;;;;;;Campaign Negative;;;;;;;;;;;;;;;;;;;;;;;;;;;;;;;;;;;;;;;;;;;;;;;;;;;;;;;;;;;;;;;;;;;;;;;;;;;;;;;;;;;;;;Paused;;Enabled;;;
801-957-6699;Voorbeeldaccount Stan;;BE Dak Eigen Merk Lokaal [Plaats];;;;;;;;;;;;;;;;;;;;;;;;;;;;;;;;;;;;;;;;;;;;;;;;;;;;;;;;;;;;;1001012;1001012;Kraainem, Vlaanderen, België;Kraainem, Vlaanderen, België;City;30000;;;;;;;;Campaign Negative;;;;;;;;;;;;;;;;;;;;;;;;;;;;;;;;;;;;;;;;;;;;;;;;;;;;;;;;;;;;;;;;;;;;;;;;;;;;;;;;;;;;;;Paused;;Enabled;;;
801-957-6699;Voorbeeldaccount Stan;;BE Dak Eigen Merk Lokaal [Plaats];;;;;;;;;;;;;;;;;;;;;;;;;;;;;;;;;;;;;;;;;;;;;;;;;;;;;;;;;;;;;1001305;1001305;Aartselaar, Vlaanderen, België;Aartselaar, Vlaanderen, België;City;35000;;;;;;;;Campaign Negative;;;;;;;;;;;;;;;;;;;;;;;;;;;;;;;;;;;;;;;;;;;;;;;;;;;;;;;;;;;;;;;;;;;;;;;;;;;;;;;;;;;;;;Paused;;Enabled;;;
801-957-6699;Voorbeeldaccount Stan;;BE Dak Eigen Merk Lokaal [Plaats];;;;;;;;;;;;;;;;;;;;;;;;;;;;;;;;;;;;;;;;;;;;;;;;;;;;;;;;;;;;;1001117;1001117;Lennik, Vlaanderen, België;Lennik, Vlaanderen, België;City;18000;;;;;;;;Campaign Negative;;;;;;;;;;;;;;;;;;;;;;;;;;;;;;;;;;;;;;;;;;;;;;;;;;;;;;;;;;;;;;;;;;;;;;;;;;;;;;;;;;;;;;Paused;;Enabled;;;
801-957-6699;Voorbeeldaccount Stan;;BE Dak Eigen Merk Lokaal [Plaats];;;;;;;;;;;;;;;;;;;;;;;;;;;;;;;;;;;;;;;;;;;;;;;;;;;;;;;;;;;;;1001018;1001018;Ukkel, Brussel, België;Ukkel, Brussel, België;City;174000;;;;;;;;Campaign Negative;;;;;;;;;;;;;;;;;;;;;;;;;;;;;;;;;;;;;;;;;;;;;;;;;;;;;;;;;;;;;;;;;;;;;;;;;;;;;;;;;;;;;;Paused;;Enabled;;;
801-957-6699;Voorbeeldaccount Stan;;BE Dak Eigen Merk Lokaal [Plaats];;;;;;;;;;;;;;;;;;;;;;;;;;;;;;;;;;;;;;;;;;;;;;;;;;;;;;;;;;;;;1001361;1001361;Moeskroen, Waals Gewest, België;Moeskroen, Waals Gewest, België;City;94000;;;;;;;;Campaign Negative;;;;;;;;;;;;;;;;;;;;;;;;;;;;;;;;;;;;;;;;;;;;;;;;;;;;;;;;;;;;;;;;;;;;;;;;;;;;;;;;;;;;;;Paused;;Enabled;;;
801-957-6699;Voorbeeldaccount Stan;;BE Dak Eigen Merk Lokaal [Plaats];;;;;;;;;;;;;;;;;;;;;;;;;;;;;;;;;;;;;;;;;;;;;;;;;;;;;;;;;;;;;1001326;1001326;Tubeke, Waals Gewest, België;Tubeke, Waals Gewest, België;City;51000;;;;;;;;Campaign Negative;;;;;;;;;;;;;;;;;;;;;;;;;;;;;;;;;;;;;;;;;;;;;;;;;;;;;;;;;;;;;;;;;;;;;;;;;;;;;;;;;;;;;;Paused;;Enabled;;;
801-957-6699;Voorbeeldaccount Stan;;BE Dak Eigen Merk Lokaal [Plaats];;;;;;;;;;;;;;;;;;;;;;;;;;;;;;;;;;;;;;;;;;;;;;;;;;;;;;;;;;;;;1001330;1001330;Aat, Waals Gewest, België;Aat, Waals Gewest, België;City;65000;;;;;;;;Campaign Negative;;;;;;;;;;;;;;;;;;;;;;;;;;;;;;;;;;;;;;;;;;;;;;;;;;;;;;;;;;;;;;;;;;;;;;;;;;;;;;;;;;;;;;Paused;;Enabled;;;
801-957-6699;Voorbeeldaccount Stan;;BE Dak Eigen Merk Lokaal [Plaats];;;;;;;;;;;;;;;;;;;;;;;;;;;;;;;;;;;;;;;;;;;;;;;;;;;;;;;;;;;;;1001108;1001108;Herent, Vlaanderen, België;Herent, Vlaanderen, België;City;48000;;;;;;;;Campaign Negative;;;;;;;;;;;;;;;;;;;;;;;;;;;;;;;;;;;;;;;;;;;;;;;;;;;;;;;;;;;;;;;;;;;;;;;;;;;;;;;;;;;;;;Paused;;Enabled;;;
801-957-6699;Voorbeeldaccount Stan;;BE Dak Eigen Merk Lokaal [Plaats];;;;;;;;;;;;;;;;;;;;;;;;;;;;;;;;;;;;;;;;;;;;;;;;;;;;;;;;;;;;;1001141;1001141;Tervuren, Vlaanderen, België;Tervuren, Vlaanderen, België;City;51000;;;;;;;;Campaign Negative;;;;;;;;;;;;;;;;;;;;;;;;;;;;;;;;;;;;;;;;;;;;;;;;;;;;;;;;;;;;;;;;;;;;;;;;;;;;;;;;;;;;;;Paused;;Enabled;;;
801-957-6699;Voorbeeldaccount Stan;;BE Dak Eigen Merk Lokaal [Plaats];;;;;;;;;;;;;;;;;;;;;;;;;;;;;;;;;;;;;;;;;;;;;;;;;;;;;;;;;;;;;9047658;9047658;Ham, Vlaanderen, België;Ham, Vlaanderen, België;City;28000;;;;;;;;Campaign Negative;;;;;;;;;;;;;;;;;;;;;;;;;;;;;;;;;;;;;;;;;;;;;;;;;;;;;;;;;;;;;;;;;;;;;;;;;;;;;;;;;;;;;;Paused;;Enabled;;;
801-957-6699;Voorbeeldaccount Stan;;BE Dak Eigen Merk Lokaal [Plaats];;;;;;;;;;;;;;;;;;;;;;;;;;;;;;;;;;;;;;;;;;;;;;;;;;;;;;;;;;;;;9040074;9040074;Putte, Vlaanderen, België;Putte, Vlaanderen, België;City;30000;;;;;;;;Campaign Negative;;;;;;;;;;;;;;;;;;;;;;;;;;;;;;;;;;;;;;;;;;;;;;;;;;;;;;;;;;;;;;;;;;;;;;;;;;;;;;;;;;;;;;Paused;;Enabled;;;
801-957-6699;Voorbeeldaccount Stan;;BE Dak Eigen Merk Lokaal [Plaats];;;;;;;;;;;;;;;;;;;;;;;;;;;;;;;;;;;;;;;;;;;;;;;;;;;;;;;;;;;;;9040083;9040083;Brecht, Vlaanderen, België;Brecht, Vlaanderen, België;City;78000;;;;;;;;Campaign Negative;;;;;;;;;;;;;;;;;;;;;;;;;;;;;;;;;;;;;;;;;;;;;;;;;;;;;;;;;;;;;;;;;;;;;;;;;;;;;;;;;;;;;;Paused;;Enabled;;;
801-957-6699;Voorbeeldaccount Stan;;BE Dak Eigen Merk Lokaal [Plaats];;;;;;;;;;;;;;;;;;;;;;;;;;;;;;;;;;;;;;;;;;;;;;;;;;;;;;;;;;;;;1001270;1001270;Izegem, Vlaanderen, België;Izegem, Vlaanderen, België;City;61000;;;;;;;;Campaign Negative;;;;;;;;;;;;;;;;;;;;;;;;;;;;;;;;;;;;;;;;;;;;;;;;;;;;;;;;;;;;;;;;;;;;;;;;;;;;;;;;;;;;;;Paused;;Enabled;;;
801-957-6699;Voorbeeldaccount Stan;;BE Dak Eigen Merk Lokaal [Plaats];;;;;;;;;;;;;;;;;;;;;;;;;;;;;;;;;;;;;;;;;;;;;;;;;;;;;;;;;;;;;9040049;9040049;Sint-Gillis-Waas, Vlaanderen, België;Sint-Gillis-Waas, Vlaanderen, België;City;31000;;;;;;;;Campaign Negative;;;;;;;;;;;;;;;;;;;;;;;;;;;;;;;;;;;;;;;;;;;;;;;;;;;;;;;;;;;;;;;;;;;;;;;;;;;;;;;;;;;;;;Paused;;Enabled;;;
801-957-6699;Voorbeeldaccount Stan;;BE Dak Eigen Merk Lokaal [Plaats];;;;;;;;;;;;;;;;;;;;;;;;;;;;;;;;;;;;;;;;;;;;;;;;;;;;;;;;;;;;;1001244;1001244;Temse, Vlaanderen, België;Temse, Vlaanderen, België;City;55000;;;;;;;;Campaign Negative;;;;;;;;;;;;;;;;;;;;;;;;;;;;;;;;;;;;;;;;;;;;;;;;;;;;;;;;;;;;;;;;;;;;;;;;;;;;;;;;;;;;;;Paused;;Enabled;;;
801-957-6699;Voorbeeldaccount Stan;;BE Dak Eigen Merk Lokaal [Plaats];;;;;;;;;;;;;;;;;;;;;;;;;;;;;;;;;;;;;;;;;;;;;;;;;;;;;;;;;;;;;;;;;;;;;;;;;;;;;;;;;;;;;;;;;;;;;;;;;;;;;;;;;;;;;;;;;;;;;;;;;;;;;;;;;;;;;94.109.233.*;94.109.233.*;;;;;;;;;;;;;;;;;;;;;;;;;;Paused;;Enabled;;;
801-957-6699;Voorbeeldaccount Stan;;BE Dak Eigen Merk Lokaal [Plaats];;;;;;;;;;;;;;;;;;;;;;;;;;;;;;;;;;;;;;;;;;;;;;;;;;;;;;;;;;;;;;;;;;;;;;;;;;;;;;;;;;;;;;;;;;;;;;;;;;;;;;;;;;;;;;;;;;;;;;;;;;;;;;;;;;;;;94.109.159.*;94.109.159.*;;;;;;;;;;;;;;;;;;;;;;;;;;Paused;;Enabled;;;
801-957-6699;Voorbeeldaccount Stan;;BE Dak Eigen Merk Lokaal [Plaats];;;;;;;;;;;;;;;;;;;;;;;;;;;;;;;;;;;;;;;;;;;;;;;;;;;;;;;;;;;;;;;;;;;;;;;;;;;;;;;;;;;;;;;;;;;;;;;;;;;;;;;;;;;;;;;;;;;;;;;;;;;;;;;;;;;;;94.109.170.*;94.109.170.*;;;;;;;;;;;;;;;;;;;;;;;;;;Paused;;Enabled;;;
801-957-6699;Voorbeeldaccount Stan;;BE Dak Eigen Merk Lokaal [Plaats];;;;;;;;;;;;;;;;;;;;;;;;;;;;;;;;;;;;;;;;;;;;;;;;;;;;;;;;;;;;;;;;;;;;;;;;;;;;;;;;;;;;;;;;;;;;;;;;;;;;;;;;;;;;;;;;;;;;;;;;;;;;;;;;;;;;;94.109.241.*;94.109.241.*;;;;;;;;;;;;;;;;;;;;;;;;;;Paused;;Enabled;;;
801-957-6699;Voorbeeldaccount Stan;;BE Dak Eigen Merk Lokaal [Plaats];;;;;;;;;;;;;;;;;;;;;;;;;;;;;;;;;;;;;;;;;;;;;;;;;;;;;;;;;;;;;;;;;;;;;;;;;;;;;;;;;;;;;;;;;;;;;;;;;;;;;;;;;;;;;;;;;;;;;;;;;;;;;;;;;;;;;2a02:26f7:c1c4:451c:0:1800:0:9;2a02:26f7:c1c4:451c:0:1800:0:9;;;;;;;;;;;;;;;;;;;;;;;;;;Paused;;Enabled;;;
801-957-6699;Voorbeeldaccount Stan;;BE Dak Eigen Merk Lokaal [Plaats];;;;;;;;;;;;;;;;;;;;;;;;;;;;;;;;;;;;;;;;;;;;;;;;;;;;;;;;;;;;;;;;;;;;;;;;;;;;;;;;;;;;;;;;;;;;;;;;;;;;;;;;;;;;;;;;;;;;;;;;;;;;;;;;;;;;;2a02:1810:4f13:6500:f0c2:1169:a6d7:1d85;2a02:1810:4f13:6500:f0c2:1169:a6d7:1d85;;;;;;;;;;;;;;;;;;;;;;;;;;Paused;;Enabled;;;
801-957-6699;Voorbeeldaccount Stan;;BE Dak Eigen Merk Lokaal [Plaats];;;;;;;;;;;;;;;;;;;;;;;;;;;;;;;;;;;;;;;;;;;;;;;;;;;;;;;;;;;;;;;;;;;;;;;;;;;;;;;;;;;;;;;;;;;;;;;;;;;;;;;;;;;;;;;;;;;;;;;;;;;;;;;;;;;;;2a02:a020:5c6:4545:7c36:e99a:fb8a:9dc2;2a02:a020:5c6:4545:7c36:e99a:fb8a:9dc2;;;;;;;;;;;;;;;;;;;;;;;;;;Paused;;Enabled;;;
801-957-6699;Voorbeeldaccount Stan;;BE Dak Eigen Merk Lokaal [Plaats];;;;;;;;;;;;;;;;;;;;;;;;;;;;;;;;;;;;;;;;;;;;;;;;;;;;;;;;;;;;;;;;;;;;;;;;;;;;;;;;;;;;;;;;;;;;;;;;;;;;;;;;;;;;;;;;;;;;;;;;;;;;;;;;;;;;;195.144.82.153;195.144.82.153;;;;;;;;;;;;;;;;;;;;;;;;;;Paused;;Enabled;;;
801-957-6699;Voorbeeldaccount Stan;;BE Dak Eigen Merk Lokaal [Plaats];;;;;;;;;;;;;;;;;;;;;;;;;;;;;;;;;;;;;;;;;;;;;;;;;;;;;;;;;;;;;;;;;;;;;;;;;;;;;;;;;;;;;;;;;;;;;;;;;;;;;;;;;;;;;;;;;;;;;;;;;;;;;;;;;;;;;104.28.0.*;104.28.0.*;;;;;;;;;;;;;;;;;;;;;;;;;;Paused;;Enabled;;;
801-957-6699;Voorbeeldaccount Stan;;BE Dak Eigen Merk Lokaal [Plaats];;;;;;;;;;;;;;;;;;;;;;;;;;;;;;;;;;;;;;;;;;;;;;;;;;;;;;;;;;;;;;;;;;;;;;;;;;;;;;;;;;;;;;;;;;;;;;;;;;;;;;;;;;;;;;;;;;;;;;;;;;;;;;;;;;;;;2a02:1810:3d0d:bf00:5929:2235:9b09:ac04;2a02:1810:3d0d:bf00:5929:2235:9b09:ac04;;;;;;;;;;;;;;;;;;;;;;;;;;Paused;;Enabled;;;
801-957-6699;Voorbeeldaccount Stan;;BE Dak Eigen Merk Lokaal [Plaats];;;;;;;;;;;;;;;;;;;;;;;;;;;;;;;;;;;;;;;;;;;;;;;;;;;;;;;;;;;;;;;;;;;;;;;;;;;;;;;;;;;;;;;;;;;;;;;;;;;;;;;;;;;;;;;;;;;;;;;;;;;;;;;;;;;;;74.124.223.*;74.124.223.*;;;;;;;;;;;;;;;;;;;;;;;;;;Paused;;Enabled;;;
801-957-6699;Voorbeeldaccount Stan;;BE Dak Eigen Merk Lokaal [Plaats];;;;;;;;;;;;;;;;;;;;;;;;;;;;;;;;;;;;;;;;;;;;;;;;;;;;;;;;;;;;;;;;;;;;;;;;;;;;;;;;;;;;;;;;;;;;;;;;;;;;;;;;;;;;;;;;;;;;;;;;;;;;;;;;;;;;;94.109.116.*;94.109.116.*;;;;;;;;;;;;;;;;;;;;;;;;;;Paused;;Enabled;;;
801-957-6699;Voorbeeldaccount Stan;;BE Dak Eigen Merk Lokaal [Plaats];;;;;;;;;;;;;;;;;;;;;;;;;;;;;;;;;;;;;;;;;;;;;;;;;;;;;;;;;;;;;;;;;;;;;;;;;;;;;;;;;;;;;;;;;;;;;;;;;;;;;;;;;;;;;;;;;;;;;;;;;;;;;;;;;;;;;94.109.39.*;94.109.39.*;;;;;;;;;;;;;;;;;;;;;;;;;;Paused;;Enabled;;;
801-957-6699;Voorbeeldaccount Stan;;BE Dak Eigen Merk Lokaal [Plaats];;;;;;;;;;;;;;;;;;;;;;;;;;;;;;;;;;;;;;;;;;;;;;;;;;;;;;;;;;;;;;;;;;;;;;;;;;;;;;;;;;;;;;;;;;;;;;;;;;;;;;;;;;;;;;;;;;;;;;;;;;;;;;;;;;;;;85.115.61.*;85.115.61.*;;;;;;;;;;;;;;;;;;;;;;;;;;Paused;;Enabled;;;
801-957-6699;Voorbeeldaccount Stan;;BE Dak Eigen Merk Lokaal [Plaats];;;;;;;;;;;;;;;;;;;;;;;;;;;;;;;;;;;;;;;;;;;;;;;;;;;;;;;;;;;;;;;;;;;;;;;;;;;;;;;;;;;;;;;;;;;;;;;;;;;;;;;;;;;;;;;;;;;;;;;;;;;;;;;;;;;;;109.140.14.138;109.140.14.138;;;;;;;;;;;;;;;;;;;;;;;;;;Paused;;Enabled;;;
801-957-6699;Voorbeeldaccount Stan;;BE Dak Eigen Merk Lokaal [Plaats];;;;;;;;;;;;;;;;;;;;;;;;;;;;;;;;;;;;;;;;;;;;;;;;;;;;;;;;;;;;;;;;;;;;;;;;;;;;;;;;;;;;;;;;;;;;;;;;;;;;;;;;;;;;;;;;;;;;;;;;;;;;;;;;;;;;;2a02:1810:533:5e00:1d88:c06b:b82e:d46a;2a02:1810:533:5e00:1d88:c06b:b82e:d46a;;;;;;;;;;;;;;;;;;;;;;;;;;Paused;;Enabled;;;
801-957-6699;Voorbeeldaccount Stan;;BE Dak Eigen Merk Lokaal [Plaats];;;;;;;;;;;;;;;;;;;;;;;;;;;;;;;;;;;;;;;;;;;;;;;;;;;;;;;;;;;;;;;;;;;;;;;;;;;;;;;;;;;;;;;;;;;;;;;;;;;;;;;;;;;;;;;;;;;;;;;;;;;;;;;;;;;;;94.109.25.*;94.109.25.*;;;;;;;;;;;;;;;;;;;;;;;;;;Paused;;Enabled;;;
801-957-6699;Voorbeeldaccount Stan;;BE Dak Eigen Merk Lokaal [Plaats];;;;;;;;;;;;;;;;;;;;;;;;;;;;;;;;;;;;;;;;;;;;;;;;;;;;;;;;;;;;;;;;;;;;;;;;;;;;;;;;;;;;;;;;;;;;;;;;;;;;;;;;;;;;;;;;;;;;;;;;;;;;;;;;;;;;;188.64.77.132;188.64.77.132;;;;;;;;;;;;;;;;;;;;;;;;;;Paused;;Enabled;;;
801-957-6699;Voorbeeldaccount Stan;;BE Dak Eigen Merk Lokaal [Plaats];;;;;;;;;;;;;;;;;;;;;;;;;;;;;;;;;;;;;;;;;;;;;;;;;;;;;;;;;;;;;;;;;;;;;;;;;;;;;;;;;;;;;;;;;;;;;;;;;;;;;;;;;;;;;;;;;;;;;;;;;;;;;;;;;;;;;87.67.127.*;87.67.127.*;;;;;;;;;;;;;;;;;;;;;;;;;;Paused;;Enabled;;;
801-957-6699;Voorbeeldaccount Stan;;BE Dak Eigen Merk Lokaal [Plaats];;;;;;;;;;;;;;;;;;;;;;;;;;;;;;;;;;;;;;;;;;;;;;;;;;;;;;;;;;;;;;;;;;;;;;;;;;;;;;;;;;;;;;;;;;;;;;;;;;;;;;;;;;;;;;;;;;;;;;;;;;;;;;;;;;;;;2a02:a020:3c4:ae2f:c063:fb5f:cb52:3af6;2a02:a020:3c4:ae2f:c063:fb5f:cb52:3af6;;;;;;;;;;;;;;;;;;;;;;;;;;Paused;;Enabled;;;
801-957-6699;Voorbeeldaccount Stan;;BE Dak Eigen Merk Lokaal [Plaats];;;;;;;;;;;;;;;;;;;;;;;;;;;;;;;;;;;;;;;;;;;;;;;;;;;;;;;;;;;;;;;;;;;;;;;;;;;;;;;;;;;;;;;;;;;;;;;;;;;;;;;;;;;;;;;;;;;;;;;;;;;;;;;;;;;;;2a02:1808:12d:c79b:0:0:36bf:deb6;2a02:1808:12d:c79b:0:0:36bf:deb6;;;;;;;;;;;;;;;;;;;;;;;;;;Paused;;Enabled;;;
801-957-6699;Voorbeeldaccount Stan;;BE Dak Eigen Merk Lokaal [Plaats];;;;;;;;;;;;;;;;;;;;;;;;;;;;;;;;;;;;;;;;;;;;;;;;;;;;;;;;;;;;;;;;;;;;;;;;;;;;;;;;;;;;;;;;;;;;;;;;;;;;;;;;;;;;;;;;;;;;;;;;;;;;;;;;;;;;;94.109.144.*;94.109.144.*;;;;;;;;;;;;;;;;;;;;;;;;;;Paused;;Enabled;;;
801-957-6699;Voorbeeldaccount Stan;;BE Dak Eigen Merk Lokaal [Plaats];;;;;;;;;;;;;;;;;;;;;;;;;;;;;;;;;;;;;;;;;;;;;;;;;;;;;;;;;;;;;;;;;;;;;;;;;;;;;;;;;;;;;;;;;;;;;;;;;;;;;;;;;;;;;;;;;;;;;;;;;;;;;;;;;;;;;91.177.187.*;91.177.187.*;;;;;;;;;;;;;;;;;;;;;;;;;;Paused;;Enabled;;;
801-957-6699;Voorbeeldaccount Stan;;BE Dak Eigen Merk Lokaal [Plaats];;;;;;;;;;;;;;;;;;;;;;;;;;;;;;;;;;;;;;;;;;;;;;;;;;;;;;;;;;;;;;;;;;;;;;;;;;;;;;;;;;;;;;;;;;;;;;;;;;;;;;;;;;;;;;;;;;;;;;;;;;;;;;;;;;;;;94.109.124.*;94.109.124.*;;;;;;;;;;;;;;;;;;;;;;;;;;Paused;;Enabled;;;
801-957-6699;Voorbeeldaccount Stan;;BE Dak Eigen Merk Lokaal [Plaats];;;;;;;;;;;;;;;;;;;;;;;;;;;;;;;;;;;;;;;;;;;;;;;;;;;;;;;;;;;;;;;;;;;;;;;;;;;;;;;;;;;;;;;;;;;;;;;;;;;;;;;;;;;;;;;;;;;;;;;;;;;;;;;;;;;;;94.109.243.*;94.109.243.*;;;;;;;;;;;;;;;;;;;;;;;;;;Paused;;Enabled;;;
801-957-6699;Voorbeeldaccount Stan;;BE Dak Eigen Merk Lokaal [Plaats];;;;;;;;;;;;;;;;;;;;;;;;;;;;;;;;;;;;;;;;;;;;;;;;;;;;;;;;;;;;;;;;;;;;;;;;;;;;;;;;;;;;;;;;;;;;;;;;;;;;;;;;;;;;;;;;;;;;;;;;;;;;;;;;;;;;;104.28.224.*;104.28.224.*;;;;;;;;;;;;;;;;;;;;;;;;;;Paused;;Enabled;;;
801-957-6699;Voorbeeldaccount Stan;;BE Dak Eigen Merk Lokaal [Plaats];;;;;;;;;;;;;;;;;;;;;;;;;;;;;;;;;;;;;;;;;;;;;;;;;;;;;;;;;;;;;;;;;;;;;;;;;;;;;;;;;;;;;;;;;;;;;;;;;;;;;;;;;;;;;;;;;;;;;;;;;;;;;;;;;;;;;104.28.2.*;104.28.2.*;;;;;;;;;;;;;;;;;;;;;;;;;;Paused;;Enabled;;;
801-957-6699;Voorbeeldaccount Stan;;BE Dak Eigen Merk Lokaal [Plaats];;;;;;;;;;;;;;;;;;;;;;;;;;;;;;;;;;;;;;;;;;;;;;;;;;;;;;;;;;;;;;;;;;;;;;;;;;;;;;;;;;;;;;;;;;;;;;;;;;;;;;;;;;;;;;;;;;;;;;;;;;;;;;;;;;;;;104.28.64.*;104.28.64.*;;;;;;;;;;;;;;;;;;;;;;;;;;Paused;;Enabled;;;
801-957-6699;Voorbeeldaccount Stan;;BE Dak Eigen Merk Lokaal [Plaats];;;;;;;;;;;;;;;;;;;;;;;;;;;;;;;;;;;;;;;;;;;;;;;;;;;;;;;;;;;;;;;;;;;;;;;;;;;;;;;;;;;;;;;;;;;;;;;;;;;;;;;;;;;;;;;;;;;;;;;;;;;;;;;;;;;;;2a09:bac2:4be:28c8:0:0:410:29;2a09:bac2:4be:28c8:0:0:410:29;;;;;;;;;;;;;;;;;;;;;;;;;;Paused;;Enabled;;;
801-957-6699;Voorbeeldaccount Stan;;BE Dak Eigen Merk Lokaal [Plaats];;;;;;;;;;;;;;;;;;;;;;;;;;;;;;;;;;;;;;;;;;;;;;;;;;;;;;;;;;;;;;;;;;;;;;;;;;;;;;;;;;;;;;;;;;;;;;;;;;;;;;;;;;;;;;;;;;;;;;;;;;;;;;;;;;;;;94.109.173.*;94.109.173.*;;;;;;;;;;;;;;;;;;;;;;;;;;Paused;;Enabled;;;
801-957-6699;Voorbeeldaccount Stan;;BE Dak Eigen Merk Lokaal [Plaats];;;;;;;;;;;;;;;;;;;;;;;;;;;;;;;;;;;;;;;;;;;;;;;;;;;;;;;;;;;;;;;;;;;;;;;;;;;;;;;;;;;;;;;;;;;;;;;;;;;;;;;;;;;;;;;;;;;;;;;;;;;;;;;;;;;;;213.214.35.234;213.214.35.234;;;;;;;;;;;;;;;;;;;;;;;;;;Paused;;Enabled;;;
801-957-6699;Voorbeeldaccount Stan;;BE Dak Eigen Merk Lokaal [Plaats];;;;;;;;;;;;;;;;;;;;;;;;;;;;;;;;;;;;;;;;;;;;;;;;;;;;;;;;;;;;;;;;;;;;;;;;;;;;;;;;;;;;;;;;;;;;;;;;;;;;;;;;;;;;;;;;;;;;;;;;;;;;;;;;;;;;;104.28.16.*;104.28.16.*;;;;;;;;;;;;;;;;;;;;;;;;;;Paused;;Enabled;;;
801-957-6699;Voorbeeldaccount Stan;;BE Dak Eigen Merk Lokaal [Plaats];;;;;;;;;;;;;;;;;;;;;;;;;;;;;;;;;;;;;;;;;;;;;;;;;;;;;;;;;;;;;;;;;;;;;;;;;;;;;;;;;;;;;;;;;;;;;;;;;;;;;;;;;;;;;;;;;;;;;;;;;;;;;;;;;;;;;94.109.201.*;94.109.201.*;;;;;;;;;;;;;;;;;;;;;;;;;;Paused;;Enabled;;;
801-957-6699;Voorbeeldaccount Stan;;BE Dak Eigen Merk Lokaal [Plaats];;;;;;;;;;;;;;;;;;;;;;;;;;;;;;;;;;;;;;;;;;;;;;;;;;;;;;;;;;;;;;;;;;;;;;;;;;;;;;;;;;;;;;;;;;;;;;;;;;;;;;;;;;;;;;;;;;;;;;;;;;;;;;;;;;;;;2a02:1810:141b:da00:98f4:f10e:bc78:de1e;2a02:1810:141b:da00:98f4:f10e:bc78:de1e;;;;;;;;;;;;;;;;;;;;;;;;;;Paused;;Enabled;;;
801-957-6699;Voorbeeldaccount Stan;;BE Dak Eigen Merk Lokaal [Plaats];;;;;;;;;;;;;;;;;;;;;;;;;;;;;;;;;;;;;;;;;;;;;;;;;;;;;;;;;;;;;;;;;;;;;;;;;;;;;;;;;;;;;;;;;;;;;;;;;;;;;;;;;;;;;;;;;;;;;;;;;;;;;;;;;;;;;104.28.3.*;104.28.3.*;;;;;;;;;;;;;;;;;;;;;;;;;;Paused;;Enabled;;;
801-957-6699;Voorbeeldaccount Stan;;BE Dak Eigen Merk Lokaal [Plaats];;;;;;;;;;;;;;;;;;;;;;;;;;;;;;;;;;;;;;;;;;;;;;;;;;;;;;;;;;;;;;;;;;;;;;;;;;;;;;;;;;;;;;;;;;;;;;;;;;;;;;;;;;;;;;;;;;;;;;;;;;;;;;;;;;;;;104.28.1.*;104.28.1.*;;;;;;;;;;;;;;;;;;;;;;;;;;Paused;;Enabled;;;
801-957-6699;Voorbeeldaccount Stan;;BE Dak Eigen Merk Lokaal [Plaats];;;;;;;;;;;;;;;;;;;;;;;;;;;;;;;;;;;;;;;;;;;;;;;;;;;;;;;;;;;;;;;;;;;;;;;;;;;;;;;;;;;;;;;;;;;;;;;;;;;;;;;;;;;;;;;;;;;;;;;;;;;;;;;;;;;;;2a02:1812:2f79:1d00:603d:4ad0:c0db:d19f;2a02:1812:2f79:1d00:603d:4ad0:c0db:d19f;;;;;;;;;;;;;;;;;;;;;;;;;;Paused;;Enabled;;;
801-957-6699;Voorbeeldaccount Stan;;BE Dak Eigen Merk Lokaal [Plaats];;;;;;;;;;;;;;;;;;;;;;;;;;;;;;;;;;;;;;;;;;;;;;;;;;;;;;;;;;;;;;;;;;;;;;;;;;;;;;;;;;;;;;;;;;;;;;;;;;;;;;;;;;;;;;;;;;;;;;;;;;;;;;;;;;;;;212.88.238.*;212.88.238.*;;;;;;;;;;;;;;;;;;;;;;;;;;Paused;;Enabled;;;
801-957-6699;Voorbeeldaccount Stan;;BE Dak Eigen Merk Lokaal [Plaats];;;;;;;;;;;;;;;;;;;;;;;;;;;;;;;;;;;;;;;;;;;;;;;;;;;;;;;;;;;;;;;;;;;;;;;;;;;;;;;;;;;;;;;;;;;;;;;;;;;;;;;;;;;;;;;;;;;;;;;;;;;;;;;;;;;;;185.132.187.*;185.132.187.*;;;;;;;;;;;;;;;;;;;;;;;;;;Paused;;Enabled;;;
801-957-6699;Voorbeeldaccount Stan;;BE Dak Eigen Merk Lokaal [Plaats];;;;;;;;;;;;;;;;;;;;;;;;;;;;;;;;;;;;;;;;;;;;;;;;;;;;;;;;;;;;;;;;;;;;;;;;;;;;;;;;;;;;;;;;;;;;;;;;;;;;;;;;;;;;;;;;;;;;;;;;;;;;;;;;;;;;;104.28.8.*;104.28.8.*;;;;;;;;;;;;;;;;;;;;;;;;;;Paused;;Enabled;;;
801-957-6699;Voorbeeldaccount Stan;;BE Dak Eigen Merk Lokaal [Plaats];;;;;;;;;;;;;;;;;;;;;;;;;;;;;;;;;;;;;;;;;;;;;;;;;;;;;;;;;;;;;;;;;;;;;;;;;;;;;;;;;;;;;;;;;;;;;;;;;;;;;;;;;;;;;;;;;;;;;;;;;;;;;;;;;;;;;2a02:1812:142d:5900:7050:8065:549f:e3e5;2a02:1812:142d:5900:7050:8065:549f:e3e5;;;;;;;;;;;;;;;;;;;;;;;;;;Paused;;Enabled;;;
801-957-6699;Voorbeeldaccount Stan;;BE Dak Eigen Merk Lokaal [Plaats];;;;;;;;;;;;;;;;;;;;;;;;;;;;;;;;;;;;;;;;;;;;;;;;;;;;;;;;;;;;;;;;;;;;;;;;;;;;;;;;;;;;;;;;;;;;;;;;;;;;;;;;;;;;;;;;;;;;;;;;;;;;;;;;;;;;;2a02:a020:5c0:dfa5:99c2:2dc4:55be:274e;2a02:a020:5c0:dfa5:99c2:2dc4:55be:274e;;;;;;;;;;;;;;;;;;;;;;;;;;Paused;;Enabled;;;
801-957-6699;Voorbeeldaccount Stan;;BE Dak Eigen Merk Lokaal [Plaats];;;;;;;;;;;;;;;;;;;;;;;;;;;;;;;;;;;;;;;;;;;;;;;;;;;;;;;;;;;;;;;;;;;;;;;;;;;;;;;;;;;;;;;;;;;;;;;;;;;;;;;;;;;;;;;;;;;;;;;;;;;;;;;;;;;;;194.78.61.*;194.78.61.*;;;;;;;;;;;;;;;;;;;;;;;;;;Paused;;Enabled;;;
801-957-6699;Voorbeeldaccount Stan;;BE Dak Eigen Merk Lokaal [Plaats];;;;;;;;;;;;;;;;;;;;;;;;;;;;;;;;;;;;;;;;;;;;;;;;;;;;;;;;;;;;;;;;;;;;;;;;;;;;;;;;;;;;;;;;;;;;;;;;;;;;;;;;;;;;;;;;;;;;;;;;;;;;;;;;;;;;;94.109.136.*;94.109.136.*;;;;;;;;;;;;;;;;;;;;;;;;;;Paused;;Enabled;;;
801-957-6699;Voorbeeldaccount Stan;;BE Dak Eigen Merk Lokaal [Plaats];;;;;;;;;;;;;;;;;;;;;;;;;;;;;;;;;;;;;;;;;;;;;;;;;;;;;;;;;;;;;;;;;;;;;;;;;;;;;;;;;;;;;;;;;;;;;;;;;;;;;;;;;;;;;;;;;;;;;;;;;;;;;;;;;;;;;2a02:1808:4f:44fb:0:0:31fe:a8bf;2a02:1808:4f:44fb:0:0:31fe:a8bf;;;;;;;;;;;;;;;;;;;;;;;;;;Paused;;Enabled;;;
801-957-6699;Voorbeeldaccount Stan;;BE Dak Eigen Merk Lokaal [Plaats];;;;;;;;;;;;;;;;;;;;;;;;;;;;;;;;;;;;;;;;;;;;;;;;;;;;;;;;;;;;;;;;;;;;;;;;;;;;;;;;;;;;;;;;;;;;;;;;;;;;;;;;;;;;;;;;;;;;;;;;;;;;;;;;;;;;;94.109.163.*;94.109.163.*;;;;;;;;;;;;;;;;;;;;;;;;;;Paused;;Enabled;;;
801-957-6699;Voorbeeldaccount Stan;;BE Dak Eigen Merk Lokaal [Plaats];;;;;;;;;;;;;;;;;;;;;;;;;;;;;;;;;;;;;;;;;;;;;;;;;;;;;;;;;;;;;;;;;;;;;;;;;;;;;;;;;;;;;;;;;;;;;;;;;;;;;;;;;;;;;;;;;;;;;;;;;;;;;;;;;;;;;83.134.16.179;83.134.16.179;;;;;;;;;;;;;;;;;;;;;;;;;;Paused;;Enabled;;;
801-957-6699;Voorbeeldaccount Stan;;BE Dak Eigen Merk Lokaal [Plaats];;;;;;;;;;;;;;;;;;;;;;;;;;;;;;;;;;;;;;;;;;;;;;;;;;;;;;;;;;;;;;;;;;;;;;;;;;;;;;;;;;;;;;;;;;;;;;;;;;;;;;;;;;;;;;;;;;;;;;;;;;;;;;;;;;;;;94.109.153.*;94.109.153.*;;;;;;;;;;;;;;;;;;;;;;;;;;Paused;;Enabled;;;
801-957-6699;Voorbeeldaccount Stan;;BE Dak Eigen Merk Lokaal [Plaats];;;;;;;;;;;;;;;;;;;;;;;;;;;;;;;;;;;;;;;;;;;;;;;;;;;;;;;;;;;;;;;;;;;;;;;;;;;;;;;;;;;;;;;;;;;;;;;;;;;;;;;;;;;;;;;;;;;;;;;;;;;;;;;;;;;;;104.28.128.*;104.28.128.*;;;;;;;;;;;;;;;;;;;;;;;;;;Paused;;Enabled;;;
801-957-6699;Voorbeeldaccount Stan;;BE Dak Eigen Merk Lokaal [Plaats];;;;;;;;;;;;;;;;;;;;;;;;;;;;;;;;;;;;;;;;;;;;;;;;;;;;;;;;;;;;;;;;;;;;;;;;;;;;;;;;;;;;;;;;;;;;;;;;;;;;;;;;;;;;;;;;;;;;;;;;;;;;;;;;;;;;;2a02:a020:484:6b9:c401:c632:be7a:4718;2a02:a020:484:6b9:c401:c632:be7a:4718;;;;;;;;;;;;;;;;;;;;;;;;;;Paused;;Enabled;;;
801-957-6699;Voorbeeldaccount Stan;;BE Dak Eigen Merk Lokaal [Plaats];;;;;;;;;;;;;;;;;;;;;;;;;;;;;;;;;;;;;;;;;;;;;;;;;;;;;;;;;;;;;;;;;;;;;;;;;;;;;;;;;;;;;;;;;;;;;;;;;;;;;;;;;;;;;;;;;;;;;;;;;;;;;;;;;;;;;146.70.176.*;146.70.176.*;;;;;;;;;;;;;;;;;;;;;;;;;;Paused;;Enabled;;;
801-957-6699;Voorbeeldaccount Stan;;BE Dak Eigen Merk Lokaal [Plaats];;;;;;;;;;;;;;;;;;;;;;;;;;;;;;;;;;;;;;;;;;;;;;;;;;;;;;;;;;;;;;;;;;;;;;;;;;;;;;;;;;;;;;;;;;;;;;;;;;;;;;;;;;;;;;;;;;;;;;;;;;;;;;;;;;;;;178.174.106.28;178.174.106.28;;;;;;;;;;;;;;;;;;;;;;;;;;Paused;;Enabled;;;
801-957-6699;Voorbeeldaccount Stan;;BE Dak Eigen Merk Lokaal [Plaats];;;;;;;;;;;;;;;;;;;;;;;;;;;;;;;;;;;;;;;;;;;;;;;;;;;;;;;;;;;;;;;;;;;;;;;;;;;;;;;;;;;;;;;;;;;;;;;;;;;;;;;;;;;;;;;;;;;;;;;;;;;;;;;;;;;;;188.118.15.251;188.118.15.251;;;;;;;;;;;;;;;;;;;;;;;;;;Paused;;Enabled;;;
801-957-6699;Voorbeeldaccount Stan;;BE Dak Eigen Merk Lokaal [Plaats];;;;;;;;;;;;;;;;;;;;;;;;;;;;;;;;;;;;;;;;;;;;;;;;;;;;;;;;;;;;;;;;;;;;;;;;;;;;;;;;;;;;;;;;;;;;;;;;;;;;;;;;;;;;;;;;;;;;;;;;;;;;;;;;;;;;;2a02:1810:1538:100:5592:249f:8dbb:be5b;2a02:1810:1538:100:5592:249f:8dbb:be5b;;;;;;;;;;;;;;;;;;;;;;;;;;Paused;;Enabled;;;
801-957-6699;Voorbeeldaccount Stan;;BE Dak Eigen Merk Lokaal [Plaats];;;;;;;;;;;;;;;;;;;;;;;;;;;;;;;;;;;;;;;;;;;;;;;;;;;;;;;;;;;;;;;;;;;;;;;;;;;;;;;;;;;;;;;;;;;;;;;;;;;;;;;;;;;;;;;;;;;;;;;;;;;;;;;;;;;;;2a09:bac2:4bd:28c8:0:0:410:a;2a09:bac2:4bd:28c8:0:0:410:a;;;;;;;;;;;;;;;;;;;;;;;;;;Paused;;Enabled;;;
801-957-6699;Voorbeeldaccount Stan;;BE Dak Eigen Merk Lokaal [Plaats];;;;;;;;;;;;;;;;;;;;;;;;;;;;;;;;;;;;;;;;;;;;;;;;;;;;;;;;;;;;;;;;;;;;;;;;;;;;;;;;;;;;;;;;;;;;;;;;;;;;;;;;;;;;;;;;;;;;;;;;;;;;;;;;;;;;;82.146.115.21;82.146.115.21;;;;;;;;;;;;;;;;;;;;;;;;;;Paused;;Enabled;;;
801-957-6699;Voorbeeldaccount Stan;;BE Dak Eigen Merk Lokaal [Plaats];;;;;;;;;;;;;;;;;;;;;;;;;;;;;;;;;;;;;;;;;;;;;;;;;;;;;;;;;;;;;;;;;;;;;;;;;;;;;;;;;;;;;;;;;;;;;;;;;;;;;;;;;;;;;;;;;;;;;;;;;;;;;;;;;;;;;20.75.214.77;20.75.214.77;;;;;;;;;;;;;;;;;;;;;;;;;;Paused;;Enabled;;;
801-957-6699;Voorbeeldaccount Stan;;BE Dak Eigen Merk Lokaal [Plaats];;;;;;;;;;;;;;;;;;;;;;;;;;;;;;;;;;;;;;;;;;;;;;;;;;;;;;;;;;;;;;;;;;;;;;;;;;;;;;;;;;;;;;;;;;;;;;;;;;;;;;;;;;;;;;;;;;;;;;;;;;;;;;;;;;;;;104.28.4.*;104.28.4.*;;;;;;;;;;;;;;;;;;;;;;;;;;Paused;;Enabled;;;
801-957-6699;Voorbeeldaccount Stan;;BE Dak Eigen Merk Lokaal [Plaats];;;;;;;;;;;;;;;;;;;;;;;;;;;;;;;;;;;;;;;;;;;;;;;;;;;;;;;;;;;;;;;;;;;;;;;;;;;;;;;;;;;;;;;;;;;;;;;;;;;;;;;;;;;;;;;;;;;;;;;;;;;;;;;;;;;;;79.127.164.*;79.127.164.*;;;;;;;;;;;;;;;;;;;;;;;;;;Paused;;Enabled;;;
801-957-6699;Voorbeeldaccount Stan;;BE Dak Eigen Merk Lokaal [Plaats];;;;;;;;;;;;;;;;;;;;;;;;;;;;;;;;;;;;;;;;;;;;;;;;;;;;;;;;;;;;;;;;;;;;;;;;;;;;;;;;;;;;;;;;;;;;;;;;;;;;;;;;;;;;;;;;;;;;;;;;;;;;;;;;;;;;;94.109.168.*;94.109.168.*;;;;;;;;;;;;;;;;;;;;;;;;;;Paused;;Enabled;;;
801-957-6699;Voorbeeldaccount Stan;;BE Dak Eigen Merk Lokaal [Plaats];;;;;;;;;;;;;;;;;;;;;;;;;;;;;;;;;;;;;;;;;;;;;;;;;;;;;;;;;;;;;;;;;;;;;;;;;;;;;;;;;;;;;;;;;;;;;;;;;;;;;;;;;;;;;;;;;;;;;;;;;;;;;;;;;;;;;2a09:bac3:4a4:286e:0:0:407:57;2a09:bac3:4a4:286e:0:0:407:57;;;;;;;;;;;;;;;;;;;;;;;;;;Paused;;Enabled;;;
801-957-6699;Voorbeeldaccount Stan;;BE Dak Eigen Merk Lokaal [Plaats];;;;;;;;;;;;;;;;;;;;;;;;;;;;;;;;;;;;;;;;;;;;;;;;;;;;;;;;;;;;;;;;;;;;;;;;;;;;;;;;;;;;;;;;;;;;;;;;;;;;;;;;;;;;;;;;;;;;;;;;;;;;;;;;;;;;;94.110.192.60;94.110.192.60;;;;;;;;;;;;;;;;;;;;;;;;;;Paused;;Enabled;;;
801-957-6699;Voorbeeldaccount Stan;;BE Dak Eigen Merk Lokaal [Plaats];;;;;;;;;;;;;;;;;;;;;;;;;;;;;;;;;;;;;;;;;;;;;;;;;;;;;;;;;;;;;;;;;;;;;;;;;;;;;;;;;;;;;;;;;;;;;;;;;;;;;;;;;;;;;;;;;;;;;;;;;;;;;;;;;;;;;194.78.205.*;194.78.205.*;;;;;;;;;;;;;;;;;;;;;;;;;;Paused;;Enabled;;;
801-957-6699;Voorbeeldaccount Stan;;BE Dak Eigen Merk Lokaal [Plaats];;;;;;;;;;;;;;;;;;;;;;;;;;;;;;;;;;;;;;;;;;;;;;;;;;;;;;;;;;;;;;;;;;;;;;;;;;;;;;;;;;;;;;;;;;;;;;;;;;;;;;;;;;;;;;;;;;;;;;;;;;;;;;;;;;;;;5.23.175.62;5.23.175.62;;;;;;;;;;;;;;;;;;;;;;;;;;Paused;;Enabled;;;
801-957-6699;Voorbeeldaccount Stan;;BE Dak Eigen Merk Lokaal [Plaats];;;;;;;;;;;;;;;;;;;;;;;;;;;;;;;;;;;;;;;;;;;;;;;;;;;;;;;;;;;;;;;;;;;;;;;;;;;;;;;;;;;;;;;;;;;;;;;;;;;;;;;;;;;;;;;;;;;;;;;;;;;;;;;;;;;;;2a09:bac2:4bd:30f:0:0:4e:ba;2a09:bac2:4bd:30f:0:0:4e:ba;;;;;;;;;;;;;;;;;;;;;;;;;;Paused;;Enabled;;;
801-957-6699;Voorbeeldaccount Stan;;BE Dak Eigen Merk Lokaal [Plaats];;;;;;;;;;;;;;;;;;;;;;;;;;;;;;;;;;;;;;;;;;;;;;;;;;;;;;;;;;;;;;;;;;;;;;;;;;;;;;;;;;;;;;;;;;;;;;;;;;;;;;;;;;;;;;;;;;;;;;;;;;;;;;;;;;;;;94.109.121.*;94.109.121.*;;;;;;;;;;;;;;;;;;;;;;;;;;Paused;;Enabled;;;
801-957-6699;Voorbeeldaccount Stan;;BE Dak Eigen Merk Lokaal [Plaats];;;;;;;;;;;;;;;;;;;;;;;;;;;;;;;;;;;;;;;;;;;;;;;;;;;;;;;;;;;;;;;;;;;;;;;;;;;;;;;;;;;;;;;;;;;;;;;;;;;;;;;;;;;;;;;;;;;;;;;;;;;;;;;;;;;;;94.109.47.*;94.109.47.*;;;;;;;;;;;;;;;;;;;;;;;;;;Paused;;Enabled;;;
801-957-6699;Voorbeeldaccount Stan;;BE Dak Eigen Merk Lokaal [Plaats];;;;;;;;;;;;;;;;;;;;;;;;;;;;;;;;;;;;;;;;;;;;;;;;;;;;;;;;;;;;;;;;;;;;;;;;;;;;;;;;;;;;;;;;;;;;;;;;;;;;;;;;;;;;;;;;;;;;;;;;;;;;;;;;;;;;;2a02:a03f:0:0:0:0:0:0/32;2a02:a03f:0:0:0:0:0:0/32;;;;;;;;;;;;;;;;;;;;;;;;;;Paused;;Enabled;;;
801-957-6699;Voorbeeldaccount Stan;;BE Dak Eigen Merk Lokaal [Plaats];;;;;;;;;;;;;;;;;;;;;;;;;;;;;;;;;;;;;;;;;;;;;;;;;;;;;;;;;;;;;;;;;;;;;;;;;;;;;;;;;;;;;;;;;;;;;;;;;;;;;;;;;;;;;;;;;;;;;;;;;;;;;;;;;;;;;2a09:bac3:4b9:30f:0:0:4e:b7;2a09:bac3:4b9:30f:0:0:4e:b7;;;;;;;;;;;;;;;;;;;;;;;;;;Paused;;Enabled;;;
801-957-6699;Voorbeeldaccount Stan;;BE Dak Eigen Merk Lokaal [Plaats];;;;;;;;;;;;;;;;;;;;;;;;;;;;;;;;;;;;;;;;;;;;;;;;;;;;;;;;;;;;;;;;;;;;;;;;;;;;;;;;;;;;;;;;;;;;;;;;;;;;;;;;;;;;;;;;;;;;;;;;;;;;;;;;;;;;;81.244.254.8;81.244.254.8;;;;;;;;;;;;;;;;;;;;;;;;;;Paused;;Enabled;;;
801-957-6699;Voorbeeldaccount Stan;;BE Dak Eigen Merk Lokaal [Plaats];;;;;;;;;;;;;;;;;;;;;;;;;;;;;;;;;;;;;;;;;;;;;;;;;;;;;;;;;;;;;;;;;;;;;;;;;;;;;;;;;;;;;;;;;;;;;;;;;;;;;;;;;;;;;;;;;;;;;;;;;;;;;;;;;;;;;2a02:1810:521:f000:a9f0:eded:9f53:5476;2a02:1810:521:f000:a9f0:eded:9f53:5476;;;;;;;;;;;;;;;;;;;;;;;;;;Paused;;Enabled;;;
801-957-6699;Voorbeeldaccount Stan;;BE Dak Eigen Merk Lokaal [Plaats];;;;;;;;;;;;;;;;;;;;;;;;;;;;;;;;;;;;;;;;;;;;;;;;;;;;;;;;;;;;;;;;;;;;;;;;;;;;;;;;;;;;;;;;;;;;;;;;;;;;;;;;;;;;;;;;;;;;;;;;;;;;;;;;;;;;;2a02:1810:50c:f000:25c4:516:9901:108b;2a02:1810:50c:f000:25c4:516:9901:108b;;;;;;;;;;;;;;;;;;;;;;;;;;Paused;;Enabled;;;
801-957-6699;Voorbeeldaccount Stan;;BE Dak Eigen Merk Lokaal [Plaats];;;;;;;;;;;;;;;;;;;;;;;;;;;;;;;;;;;;;;;;;;;;;;;;;;;;;;;;;;;;;;;;;;;;;;;;;;;;;;;;;;;;;;;;;;;;;;;;;;;;;;;;;;;;;;;;;;;;;;;;;;;;;;;;;;;;;87.67.72.*;87.67.72.*;;;;;;;;;;;;;;;;;;;;;;;;;;Paused;;Enabled;;;
801-957-6699;Voorbeeldaccount Stan;;BE Dak Eigen Merk Lokaal [Plaats];;;;;;;;;;;;;;;;;;;;;;;;;;;;;;;;;;;;;;;;;;;;;;;;;;;;;;;;;;;;;;;;;;;;;;;;;;;;;;;;;;;;;;;;;;;;;;;;;;;;;;;;;;;;;;;;;;;;;;;;;;;;;;;;;;;;;85.222.240.*;85.222.240.*;;;;;;;;;;;;;;;;;;;;;;;;;;Paused;;Enabled;;;
801-957-6699;Voorbeeldaccount Stan;;BE Dak Eigen Merk Lokaal [Plaats];;;;;;;;;;;;;;;;;;;;;;;;;;;;;;;;;;;;;;;;;;;;;;;;;;;;;;;;;;;;;;;;;;;;;;;;;;;;;;;;;;;;;;;;;;;;;;;;;;;;;;;;;;;;;;;;;;;;;;;;;;;;;;;;;;;;;154.47.27.*;154.47.27.*;;;;;;;;;;;;;;;;;;;;;;;;;;Paused;;Enabled;;;
801-957-6699;Voorbeeldaccount Stan;;BE Dak Eigen Merk Lokaal [Plaats];;;;;;;;;;;;;;;;;;;;;;;;;;;;;;;;;;;;;;;;;;;;;;;;;;;;;;;;;;;;;;;;;;;;;;;;;;;;;;;;;;;;;;;;;;;;;;;;;;;;;;;;;;;;;;;;;;;;;;;;;;;;;;;;;;;;;194.78.2.*;194.78.2.*;;;;;;;;;;;;;;;;;;;;;;;;;;Paused;;Enabled;;;
801-957-6699;Voorbeeldaccount Stan;;BE Dak Eigen Merk Lokaal [Plaats];;;;;;;;;;;;;;;;;;;;;;;;;;;;;;;;;;;;;;;;;;;;;;;;;;;;;;;;;;;;;;;;;;;;;;;;;;;;;;;;;;;;;;;;;;;;;;;;;;;;;;;;;;;;;;;;;;;;;;;;;;;;;;;;;;;;;104.28.192.*;104.28.192.*;;;;;;;;;;;;;;;;;;;;;;;;;;Paused;;Enabled;;;
801-957-6699;Voorbeeldaccount Stan;;BE Dak Eigen Merk Lokaal [Plaats];;;;;;;;;;;;;;;;;;;;;;;;;;;;;;;;;;;;;;;;;;;;;;;;;;;;;;;;;;;;;;;;;;;;;;;;;;;;;;;;;;;;;;;;;;;;;;;;;;;;;;;;;;;;;;;;;;;;;;;;;;;;;;;;;;;;;144.125.50.*;144.125.50.*;;;;;;;;;;;;;;;;;;;;;;;;;;Paused;;Enabled;;;
801-957-6699;Voorbeeldaccount Stan;;BE Dak Eigen Merk Lokaal [Plaats];;;;;;;;;;;;;;;;;;;;;;;;;;;;;;;;;;;;;;;;;;;;;;;;;;;;;;;;;;;;;;;;;;;;;;;;;;;;;;;;;;;;;;;;;;;;;;;;;;;;;;;;;;;;;;;;;;;;;;;;;;;;;;;;;;;;;94.109.130.*;94.109.130.*;;;;;;;;;;;;;;;;;;;;;;;;;;Paused;;Enabled;;;
801-957-6699;Voorbeeldaccount Stan;;BE Dak Eigen Merk Lokaal [Plaats];;;;;;;;;;;;;;;;;;;;;;;;;;;;;;;;;;;;;;;;;;;;;;;;;;;;;;;;;;;;;;;;;;;;;;;;;;;;;;;;;;;;;;;;;;;;;;;;;;;;;;;;;;;;;;;;;;;;;;;;;;;;;;;;;;;;;94.109.219.*;94.109.219.*;;;;;;;;;;;;;;;;;;;;;;;;;;Paused;;Enabled;;;
801-957-6699;Voorbeeldaccount Stan;;BE Dak Eigen Merk Lokaal [Plaats];;;;;;;;;;;;;;;;;;;;;;;;;;;;;;;;;;;;;;;;;;;;;;;;;;;;;;;;;;;;;;;;;;;;;;;;;;;;;;;;;;;;;;;;;;;;;;;;;;;;;;;;;;;;;;;;;;;;;;;;;;;;;;;;;;;;;2a02:1810:2595:a900:746a:1c5f:714f:9c65;2a02:1810:2595:a900:746a:1c5f:714f:9c65;;;;;;;;;;;;;;;;;;;;;;;;;;Paused;;Enabled;;;
801-957-6699;Voorbeeldaccount Stan;;BE Dak Eigen Merk Lokaal [Plaats];;;;;;;;;;;;;;;;;;;;;;;;;;;;;;;;;;;;;;;;;;;;;;;;;;;;;;;;;;;;;;;;;;;;;;;;;;;;;;;;;;;;;;;;;;;;;;;;;;;;;;;;;;;;;;;;;;;;;;;;;;;;;;;;;;;;;94.109.202.*;94.109.202.*;;;;;;;;;;;;;;;;;;;;;;;;;;Paused;;Enabled;;;
801-957-6699;Voorbeeldaccount Stan;;BE Dak Eigen Merk Lokaal [Plaats];;;;;;;;;;;;;;;;;;;;;;;;;;;;;;;;;;;;;;;;;;;;;;;;;;;;;;;;;;;;;;;;;;;;;;;;;;;;;;;;;;;;;;;;;;;;;;;;;;;;;;;;;;;;;;;;;;;;;;;;;;;;;;;;;;;;;104.28.40.*;104.28.40.*;;;;;;;;;;;;;;;;;;;;;;;;;;Paused;;Enabled;;;
801-957-6699;Voorbeeldaccount Stan;;BE Dak Eigen Merk Lokaal [Plaats];;;;;;;;;;;;;;;;;;;;;;;;;;;;;;;;;;;;;;;;;;;;;;;;;;;;;;;;;;;;;;;;;;;;;;;;;;;;;;;;;;;;;;;;;;;;;;;;;;;;;;;;;;;;;;;;;;;;;;;;;;;;;;;;;;;;;2a09:bac2:4bf:1478:0:0:20a:14;2a09:bac2:4bf:1478:0:0:20a:14;;;;;;;;;;;;;;;;;;;;;;;;;;Paused;;Enabled;;;
801-957-6699;Voorbeeldaccount Stan;;BE Dak Eigen Merk Lokaal [Plaats];;;;;;;;;;;;;;;;;;;;;;;;;;;;;;;;;;;;;;;;;;;;;;;;;;;;;;;;;;;;;;;;;;;;;;;;;;;;;;;;;;;;;;;;;;;;;;;;;;;;;;;;;;;;;;;;;;;;;;;;;;;;;;;;;;;;;163.116.240.*;163.116.240.*;;;;;;;;;;;;;;;;;;;;;;;;;;Paused;;Enabled;;;
801-957-6699;Voorbeeldaccount Stan;;BE Dak Eigen Merk Lokaal [Plaats];;;;;;;;;;;;;;;;;;;;;;;;;;;;;;;;;;;;;;;;;;;;;;;;;;;;;;;;;;;;;;;;;;;;;;;;;;;;;;;;;;;;;;;;;;;;;;;;;;;;;;;;;;;;;;;;;;;;;;;;;;;;;;;;;;;;;81.83.223.201;81.83.223.201;;;;;;;;;;;;;;;;;;;;;;;;;;Paused;;Enabled;;;
801-957-6699;Voorbeeldaccount Stan;;BE Dak Eigen Merk Lokaal [Plaats];;;;;;;;;;;;;;;;;;;;;;;;;;;;;;;;;;;;;;;;;;;;;;;;;;;;;;;;;;;;;;;;;;;;;;;;;;;;;;;;;;;;;;;;;;;;;;;;;;;;;;;;;;;;;;;;;;;;;;;;;;;;;;;;;;;;;181.215.184.*;181.215.184.*;;;;;;;;;;;;;;;;;;;;;;;;;;Paused;;Enabled;;;
801-957-6699;Voorbeeldaccount Stan;;BE Dak Eigen Merk Lokaal [Plaats];;;;;;;;;;;;;;;;;;;;;;;;;;;;;;;;;;;;;;;;;;;;;;;;;;;;;;;;;;;;;;;;;;;;;;;;;;;;;;;;;;;;;;;;;;;;;;;;;;;;;;;;;;;;;;;;;;;;;;;;;;;;;;;;;;;;;165.85.204.*;165.85.204.*;;;;;;;;;;;;;;;;;;;;;;;;;;Paused;;Enabled;;;
801-957-6699;Voorbeeldaccount Stan;;BE Dak Eigen Merk Lokaal [Plaats];;;;;;;;;;;;;;;;;;;;;;;;;;;;;;;;;;;;;;;;;;;;;;;;;;;;;;;;;;;;;;;;;;;;;;;;;;;;;;;;;;;;;;;;;;;;;;;;;;;;;;;;;;;;;;;;;;;;;;;;;;;;;;;;;;;;;2a02:1810:153e:d300:4ce5:6139:656c:c327;2a02:1810:153e:d300:4ce5:6139:656c:c327;;;;;;;;;;;;;;;;;;;;;;;;;;Paused;;Enabled;;;
801-957-6699;Voorbeeldaccount Stan;;BE Dak Eigen Merk Lokaal [Plaats];;;;;;;;;;;;;;;;;;;;;;;;;;;;;;;;;;;;;;;;;;;;;;;;;;;;;;;;;;;;;;;;;;;;;;;;;;;;;;;;;;;;;;;;;;;;;;;;;;;;;;;;;;;;;;;;;;;;;;;;;;;;;;;;;;;;;2a09:bac3:4a0:270f:0:0:3e4:53;2a09:bac3:4a0:270f:0:0:3e4:53;;;;;;;;;;;;;;;;;;;;;;;;;;Paused;;Enabled;;;
801-957-6699;Voorbeeldaccount Stan;;BE Dak Eigen Merk Lokaal [Plaats];;;;;;;;;;;;;;;;;;;;;;;;;;;;;;;;;;;;;;;;;;;;;;;;;;;;;;;;;;;;;;;;;;;;;;;;;;;;;;;;;;;;;;;;;;;;;;;;;;;;;;;;;;;;;;;;;;;;;;;;;;;;;;;;;;;;;94.109.208.*;94.109.208.*;;;;;;;;;;;;;;;;;;;;;;;;;;Paused;;Enabled;;;
801-957-6699;Voorbeeldaccount Stan;;BE Dak Eigen Merk Lokaal [Plaats];;;;;;;;;;;;;;;;;;;;;;;;;;;;;;;;;;;;;;;;;;;;;;;;;;;;;;;;;;;;;;;;;;;;;;;;;;;;;;;;;;;;;;;;;;;;;;;;;;;;;;;;;;;;;;;;;;;;;;;;;;;;;;;;;;;;;193.190.73.129;193.190.73.129;;;;;;;;;;;;;;;;;;;;;;;;;;Paused;;Enabled;;;
801-957-6699;Voorbeeldaccount Stan;;BE Dak Eigen Merk Lokaal [Plaats];;;;;;;;;;;;;;;;;;;;;;;;;;;;;;;;;;;;;;;;;;;;;;;;;;;;;;;;;;;;;;;;;;;;;;;;;;;;;;;;;;;;;;;;;;;;;;;;;;;;;;;;;;;;;;;;;;;;;;;;;;;;;;;;;;;;;194.187.251.*;194.187.251.*;;;;;;;;;;;;;;;;;;;;;;;;;;Paused;;Enabled;;;
801-957-6699;Voorbeeldaccount Stan;;BE Dak Eigen Merk Lokaal [Plaats];;;;;;;;;;;;;;;;;;;;;;;;;;;;;;;;;;;;;;;;;;;;;;;;;;;;;;;;;;;;;;;;;;;;;;;;;;;;;;;;;;;;;;;;;;;;;;;;;;;;;;;;;;;;;;;;;;;;;;;;;;;;;;;;;;;;;37.19.211.*;37.19.211.*;;;;;;;;;;;;;;;;;;;;;;;;;;Paused;;Enabled;;;
801-957-6699;Voorbeeldaccount Stan;;BE Dak Eigen Merk Lokaal [Plaats];;;;;;;;;;;;;;;;;;;;;;;;;;;;;;;;;;;;;;;;;;;;;;;;;;;;;;;;;;;;;;;;;;;;;;;;;;;;;;;;;;;;;;;;;;;;;;;;;;;;;;;;;;;;;;;;;;;;;;;;;;;;;;;;;;;;;;;Dakdekker/DakPro NL uitsluitingen;Dakdekker/DakPro NL uitsluitingen;Shared negative keyword list;3973;;;;;;;;;;;;;;;;;;;;;;Paused;;Enabled;;;
801-957-6699;Voorbeeldaccount Stan;;BE Dak Eigen Merk Lokaal [Plaats];;;;;;;;;;;;;;;;;;;;;;;;;;;;;;;;;;;;;;;;;;;;;;;;;;;;;;;;;;;;;;;;;;;;;;;;;;;;;;;;;;;;;;;;;;;;;;;;;;;;;;;;;;;;;;;;;;;;;;;;;;;;;;;;;;;;;;;;;;;;;;;;;[];Advertiser;Advertiser;;Services;Services;"Daklekkages
Dakreparaties
Renovaties
Dakgoten
Dakbedekkingen
Dakisolatie
Dakinspecties
Dakonderhoud
Gevelbekleding
Daktimmerwerken";"Daklekkages
Dakreparaties
Renovaties
Dakgoten
Dakbedekkingen
Dakisolatie
Dakinspecties
Dakonderhoud
Gevelbekleding
Daktimmerwerken";;;;;;;;Paused;;Enabled;Approved;;
801-957-6699;Voorbeeldaccount Stan;;BE Dak Eigen Merk Lokaal [Plaats];;;;;;;;;;;;;;;;;[];[];;[];;;;;;;;;;;;;;;;;;;;;;;;;;;;;;;;;;;;;;;;;;;;;;;;;;;;;;;;;;;;;;;;;;;;;;;;;;;;;;;;;;;;;;;;;;;;;;;;;;;;;;;;;;;;;;;;;;;;;;;;;;;;;[];Advertiser;Advertiser;;;;;;Expert in dakwerken;Expert in dakwerken;;;;;;Paused;;Enabled;Approved;;
801-957-6699;Voorbeeldaccount Stan;;BE Dak Eigen Merk Lokaal [Plaats];;;;;;;;;;;;;;;;;[];[];;[];;;;;;;;;;;;;;;;;;;;;;;;;;;;;;;;;;;;;;;;;;;;;;;;;;;;;;;;;;;;;;;;;;;;;;;;;;;;;;;;;;;;;;;;;;;;;;;;;;;;;;;;;;;;;;;;;;;;;;;;;;;;;[];Advertiser;Advertiser;;;;;;Uitstekende service;Uitstekende service;;;;;;Paused;;Enabled;Approved;;
801-957-6699;Voorbeeldaccount Stan;;BE Dak Eigen Merk Lokaal [Plaats];;;;;;;;;;;;;;;;;[];[];;[];;;;;;;;;;;;;;;;;;;;;;;;;;;;;;;;;;;;;;;;;;;;;;;;;;;;;;;;;;;;;;;;;;;;;;;;;;;;;;;;;;;;;;;;;;;;;;;;;;;;;;;;;;;;;;;;;;;;;;;;;;;;;[];Advertiser;Advertiser;;;;;;24 op 24 bereikbaar;24 op 24 bereikbaar;;;;;;Paused;;Enabled;Approved;;
801-957-6699;Voorbeeldaccount Stan;;BE Dak Eigen Merk Lokaal [Plaats];;;;;;;;;;;;;;;;;[];[];;[];;;;;;;;;;;;;;;;;;;;;;;;;;;;;;;;;;;;;;;;;;;;;;;;;;;;;;;;;;;;;;;;;;;;;;;;;;;;;;;;;;;;;;;;;;;;;;;;;;;;;;;;;;;;;;;;;;;;;;;;;;;;;[];Advertiser;Advertiser;;;;;;7/7 depannage service;7/7 depannage service;;;;;;Paused;;Enabled;Approved;;
801-957-6699;Voorbeeldaccount Stan;;BE Dak Eigen Merk Lokaal [Plaats];;;;;;;;;;;;;;;;;[];[];;[];;;;;;;;;;;;;;;;;;;;;;;;;;;;;;;;;;;;;;;;;;;;;;;;;;;;;;;;;;;;;;;;;;;;;;;;;;;;;;;;;;;;;;;;;;;;;;;;;;;;;;;;;;;;;;;;;;;;;;;;;;;;;[];Advertiser;Advertiser;;;;;;Dakproblemen opgelost;Dakproblemen opgelost;;;;;;Paused;;Enabled;Approved;;
801-957-6699;Voorbeeldaccount Stan;;BE Dak Eigen Merk Lokaal [Plaats];;;;;;;;;;;;;;;;;[];[];;[];;;;;;;;;;;;;;;;;;;;;;;;;;;;;;;;;;;;;;;;;;;;;;;;;;;;;;;;;;;;;;;;;;;;;;;;;;;;;;;;;;;;;;;;;;;;;;;;;;;;;;;;;;;;;;;;;;;;;;;;;;;;;[];Advertiser;Advertiser;;;;;;Ervaren dakwerkers;Ervaren dakwerkers;;;;;;Paused;;Enabled;Approved;;
801-957-6699;Voorbeeldaccount Stan;;BE Dak Eigen Merk Lokaal [Plaats];;;;;;;;;;;;;;;;;[];[];;[];;;;;;;;;;;;;;;;;;;;;;;;;;;;;;;;;;;;;;;;;;;;;;;;;;;;;;;;;;;;;;;;;;;;;;;;;;;;;;;;;;;;;;;;;;;;;;;;;;;;;;;;;;;;;;;;;;;;;;;;;;;;;[];Advertiser;Advertiser;;;;;;Kwaliteit gegarandeerd;Kwaliteit gegarandeerd;;;;;;Paused;;Enabled;Approved;;
801-957-6699;Voorbeeldaccount Stan;;BE Dak Eigen Merk Lokaal [Plaats];;;;;;;;;;;;;;;;;[];[];;[];;;;;;;;;;;;;;;;;;;;;;;;;;;;;;;;;;;;;;;;;;;;;;;;;;;;;;;;;;;;;;;;;;;;;;;;;;;;;;;;;;;;;;;;;;;;;;;;;;;;;;;;;;;;;;;;;;;;;;;;;;;;;[];Advertiser;Advertiser;;;;;;Jarenlange ervaring;Jarenlange ervaring;;;;;;Paused;;Enabled;Approved;;
801-957-6699;Voorbeeldaccount Stan;;BE Dak Eigen Merk Lokaal [Plaats];;;;;;;;;;;;;;;;;[];[];;[];;;;;;;;;;;;;;;;;;;;;;;;;;;;;;;;;;;;;;;;;;;;;;;;;;;;;;;;;;;;;;;;;;;;;;;;;;;;;;;;;;;;;;;;;;;;;;;;;;;;;;;;;;;;;;;;;;;;;;;;;;;;;[];Advertiser;Advertiser;;;;;;Bel direct met spoed;Bel direct met spoed;;;;;;Paused;;Enabled;Approved;;
801-957-6699;Voorbeeldaccount Stan;;BE Dak Eigen Merk Lokaal [Plaats];;;;;;;;;;;;;;;;;[];[];;[];;;;;;;;;;;;;;;;;;;;;;;;;;;;;;;;;;;;;;;;;;;;;;;;;;;;;;;;;;;;;;;;;;;;;;;;;;;;;;;;;;;;;;;;;;;;;;;;;;;;;;;;;;;;;;;;;;;;;;;;;;;;;[];Advertiser;Advertiser;;;;;;Vrijblijvende offertes;Vrijblijvende offertes;;;;;;Paused;;Enabled;Approved;;
801-957-6699;Voorbeeldaccount Stan;;BE Dak Eigen Merk Lokaal [Plaats];;;;;;;;;;;;;;;;;[];[];;[];;;;;;;;;;;;;;;;;;;;;;;;;;;;;;;;;;;;;;;;;;;;;;;;;;;;;;;;;;;;;;;;;;;;;;;;;;;;;;;;;;;;;;;;;;;;;;;;;;;;;;;;;;;;;;;;;;;;;;;;;;;;;[];Advertiser;Advertiser;;;;;;Omgeving [Plaats];Omgeving [Plaats];;;;;;Paused;;Enabled;Approved;;
801-957-6699;Voorbeeldaccount Stan;;BE Dak Eigen Merk Lokaal [Plaats];;;;;;;;;;;;;;;;;;;;[];;;;;;;;;;;;;;;;;;;;;;;;;;;;;;;;;;;;;;;;;;;;;;;;;;;;;;;;;;;;;;;;;;;;;;;;;;;;;;;;;;;;;;;;;;;;;;;;;;;;;;;;;;;;;;;;;;;;;;;;;;;;;[];Advertiser;Advertiser;;;;;;;;03 808 27 83;03 808 27 83;BE;BE;Use account settings;Paused;;Enabled;Approved;;
